Curso,Disciplina,Horario,Sala,Capacidade Restante
-FUSÃO: CIÊNCIAS SOCIAIS + FILOSOFIA + MATEMÁTICA,GCH838_1,Horario_4_13,302-B,25
-FUSÃO: CIÊNCIAS SOCIAIS + FILOSOFIA + MATEMÁTICA,GCH838_1,Horario_4_14,302-B,25
-FUSÃO: CIÊNCIAS SOCIAIS + FILOSOFIA + MATEMÁTICA,GCH838_1,Horario_4_15,302-B,25
-FUSÃO: CIÊNCIAS SOCIAIS + FILOSOFIA + MATEMÁTICA,GCH838_1,Horario_4_16,302-B,25
-FUSÃO: CIÊNCIAS SOCIAIS + HISTÓRIA,GCS238_5,Horario_2_13,309-A,25
-FUSÃO: CIÊNCIAS SOCIAIS + HISTÓRIA,GCS238_5,Horario_2_14,309-A,25
-FUSÃO: CIÊNCIAS SOCIAIS + HISTÓRIA,GCS238_5,Horario_2_15,309-A,25
-FUSÃO: CIÊNCIAS SOCIAIS + HISTÓRIA,GCS238_5,Horario_2_16,309-A,25
-FUSÃO: CIÊNCIAS SOCIAIS + MATEMÁTICA + PEDAGOGIA ,GCH1031_1,Horario_6_13,LAB-HIDRO-C,5
-FUSÃO: CIÊNCIAS SOCIAIS + MATEMÁTICA + PEDAGOGIA ,GCH1031_1,Horario_6_14,LAB-HIDRO-C,5
-FUSÃO: CIÊNCIAS SOCIAIS + MATEMÁTICA + PEDAGOGIA ,GCH1031_1,Horario_6_15,LAB-HIDRO-C,5
-FUSÃO: CIÊNCIAS SOCIAIS + MATEMÁTICA + PEDAGOGIA ,GCH1031_1,Horario_6_16,LAB-HIDRO-C,5
-FUSÃO: ENGENHARIA AMBIENTAL E SANITÁRIA + PEDAGOGIA,GCH291_1,Horario_2_1,201-A,25
-FUSÃO: ENGENHARIA AMBIENTAL E SANITÁRIA + PEDAGOGIA,GCH291_1,Horario_2_2,201-A,25
-FUSÃO: ENGENHARIA AMBIENTAL E SANITÁRIA + PEDAGOGIA,GCH291_1,Horario_2_3,201-A,25
-FUSÃO: ENGENHARIA AMBIENTAL E SANITÁRIA + PEDAGOGIA,GCH291_1,Horario_2_4,201-A,25
-FUSÃO: FILOSOFIA + LETRAS,GCH833_1,Horario_3_13,311-C,25
-FUSÃO: FILOSOFIA + LETRAS,GCH833_1,Horario_3_14,311-C,25
-FUSÃO: FILOSOFIA + LETRAS,GCH833_1,Horario_3_15,311-C,25
-FUSÃO: FILOSOFIA + LETRAS,GCH833_1,Horario_3_16,311-C,25
-FUSÃO: FILOSOFIA + MATEMÁTICA,GCH840_1,Horario_5_13,220-C,25
-FUSÃO: FILOSOFIA + MATEMÁTICA,GCH840_1,Horario_5_14,220-C,25
-FUSÃO: FILOSOFIA + MATEMÁTICA,GCH840_1,Horario_5_15,220-C,25
-FUSÃO: FILOSOFIA + MATEMÁTICA,GCH840_1,Horario_5_16,220-C,25
-FUSÃO: GEOGRAFIA + HISTÓRIA,GCH374_1,Horario_4_13,105-C,80
-FUSÃO: GEOGRAFIA + HISTÓRIA,GCH374_1,Horario_4_14,105-C,80
-FUSÃO: GEOGRAFIA + HISTÓRIA,GCH374_1,Horario_4_15,105-C,80
-FUSÃO: GEOGRAFIA + HISTÓRIA,GCH374_1,Horario_4_16,105-C,80
-FUSÃO: GEOGRAFIA + HISTÓRIA,GCH383_1,Horario_6_13,LAB-EST-C,5
-FUSÃO: GEOGRAFIA + HISTÓRIA,GCH383_1,Horario_6_14,LAB-EST-C,5
-FUSÃO: GEOGRAFIA + HISTÓRIA,GCH383_1,Horario_6_15,LAB-EST-C,5
-FUSÃO: GEOGRAFIA + HISTÓRIA,GCH383_1,Horario_6_16,LAB-EST-C,5
-FUSÃO: MATEMÁTICA + PEDAGOGIA,GCH837_2,Horario_3_13,201-B,25
-FUSÃO: MATEMÁTICA + PEDAGOGIA,GCH837_2,Horario_3_14,201-B,25
-FUSÃO: MATEMÁTICA + PEDAGOGIA,GCH837_2,Horario_3_15,201-B,25
-FUSÃO: MATEMÁTICA + PEDAGOGIA,GCH837_2,Horario_3_16,201-B,25
ADMINISTRAÇÃO,GCH087_1,Horario_3_13,208-B,25
ADMINISTRAÇÃO,GCH087_1,Horario_3_14,208-B,25
ADMINISTRAÇÃO,GCH087_1,Horario_3_15,208-B,25
ADMINISTRAÇÃO,GCH087_1,Horario_3_16,208-B,25
ADMINISTRAÇÃO,GCH290_11,Horario_3_13,205-B,25
ADMINISTRAÇÃO,GCH290_11,Horario_3_14,205-B,25
ADMINISTRAÇÃO,GCH290_11,Horario_3_15,205-B,25
ADMINISTRAÇÃO,GCH290_11,Horario_3_16,205-B,25
ADMINISTRAÇÃO,GCH293_3,Horario_2_2,207-A,25
ADMINISTRAÇÃO,GCH293_3,Horario_2_3,207-A,25
ADMINISTRAÇÃO,GCH293_3,Horario_2_4,207-A,25
ADMINISTRAÇÃO,GCH293_3,Horario_2_5,207-A,25
ADMINISTRAÇÃO,GCS066_1,Horario_5_1,210-A,25
ADMINISTRAÇÃO,GCS066_1,Horario_5_2,210-A,25
ADMINISTRAÇÃO,GCS066_1,Horario_5_3,210-A,25
ADMINISTRAÇÃO,GCS066_1,Horario_5_4,210-A,25
ADMINISTRAÇÃO,GCS066_1,Horario_5_5,210-A,25
ADMINISTRAÇÃO,GCS068_1,Horario_6_2,206-B,25
ADMINISTRAÇÃO,GCS068_1,Horario_6_3,206-B,25
ADMINISTRAÇÃO,GCS068_1,Horario_6_4,206-B,25
ADMINISTRAÇÃO,GCS068_1,Horario_6_5,206-B,25
ADMINISTRAÇÃO,GCS072_1,Horario_2_2,203-A,25
ADMINISTRAÇÃO,GCS072_1,Horario_2_3,203-A,25
ADMINISTRAÇÃO,GCS072_1,Horario_2_4,203-A,25
ADMINISTRAÇÃO,GCS072_1,Horario_2_5,203-A,25
ADMINISTRAÇÃO,GCS077_1,Horario_3_13,209-B,25
ADMINISTRAÇÃO,GCS077_1,Horario_3_14,209-B,25
ADMINISTRAÇÃO,GCS077_1,Horario_3_15,209-B,25
ADMINISTRAÇÃO,GCS077_1,Horario_3_16,209-B,25
ADMINISTRAÇÃO,GCS080_1,Horario_2_13,LAB-HIDRO-C,5
ADMINISTRAÇÃO,GCS080_1,Horario_2_14,LAB-HIDRO-C,5
ADMINISTRAÇÃO,GCS080_1,Horario_2_15,LAB-HIDRO-C,5
ADMINISTRAÇÃO,GCS080_1,Horario_2_16,LAB-HIDRO-C,5
ADMINISTRAÇÃO,GCS081_1,Horario_5_1,307-A,25
ADMINISTRAÇÃO,GCS081_1,Horario_5_2,307-A,25
ADMINISTRAÇÃO,GCS081_1,Horario_5_3,307-A,25
ADMINISTRAÇÃO,GCS081_1,Horario_5_4,307-A,25
ADMINISTRAÇÃO,GCS081_1,Horario_5_5,307-A,25
ADMINISTRAÇÃO,GCS082_1,Horario_5_1,204-A,25
ADMINISTRAÇÃO,GCS082_1,Horario_5_2,204-A,25
ADMINISTRAÇÃO,GCS082_1,Horario_5_3,204-A,25
ADMINISTRAÇÃO,GCS082_1,Horario_5_4,204-A,25
ADMINISTRAÇÃO,GCS082_1,Horario_5_5,204-A,25
ADMINISTRAÇÃO,GCS235_1,Horario_2_2,408-A,1
ADMINISTRAÇÃO,GCS235_1,Horario_2_3,408-A,1
ADMINISTRAÇÃO,GCS235_1,Horario_2_4,408-A,1
ADMINISTRAÇÃO,GCS235_1,Horario_2_5,408-A,1
ADMINISTRAÇÃO,GCS238_9,Horario_6_2,302-B,25
ADMINISTRAÇÃO,GCS238_9,Horario_6_3,302-B,25
ADMINISTRAÇÃO,GCS238_9,Horario_6_4,302-B,25
ADMINISTRAÇÃO,GCS238_9,Horario_6_5,302-B,25
ADMINISTRAÇÃO,GCS239_3,Horario_6_13,303-B,25
ADMINISTRAÇÃO,GCS239_3,Horario_6_14,303-B,25
ADMINISTRAÇÃO,GCS239_3,Horario_6_15,303-B,25
ADMINISTRAÇÃO,GCS239_3,Horario_6_16,303-B,25
ADMINISTRAÇÃO,GCS525_1,Horario_6_13,203-B,25
ADMINISTRAÇÃO,GCS525_1,Horario_6_14,203-B,25
ADMINISTRAÇÃO,GCS525_1,Horario_6_15,203-B,25
ADMINISTRAÇÃO,GCS525_1,Horario_6_16,203-B,25
ADMINISTRAÇÃO,GCS526_1,Horario_5_1,308-A,25
ADMINISTRAÇÃO,GCS526_1,Horario_5_2,308-A,25
ADMINISTRAÇÃO,GCS526_1,Horario_5_3,308-A,25
ADMINISTRAÇÃO,GCS526_1,Horario_5_4,308-A,25
ADMINISTRAÇÃO,GCS526_1,Horario_5_5,308-A,25
ADMINISTRAÇÃO,GCS527_1,Horario_3_2,312-C,25
ADMINISTRAÇÃO,GCS527_1,Horario_3_3,312-C,25
ADMINISTRAÇÃO,GCS527_1,Horario_3_4,312-C,25
ADMINISTRAÇÃO,GCS527_1,Horario_3_5,312-C,25
ADMINISTRAÇÃO,GCS528_1,Horario_3_13,302-B,25
ADMINISTRAÇÃO,GCS528_1,Horario_3_14,302-B,25
ADMINISTRAÇÃO,GCS528_1,Horario_3_15,302-B,25
ADMINISTRAÇÃO,GCS528_1,Horario_3_16,302-B,25
ADMINISTRAÇÃO,GCS529_1,Horario_7_2,408-A,1
ADMINISTRAÇÃO,GCS529_1,Horario_7_3,408-A,1
ADMINISTRAÇÃO,GCS529_1,Horario_7_4,408-A,1
ADMINISTRAÇÃO,GCS529_1,Horario_7_5,408-A,1
ADMINISTRAÇÃO,GCS529_1,Horario_5_13,408-A,1
ADMINISTRAÇÃO,GCS529_1,Horario_5_14,408-A,1
ADMINISTRAÇÃO,GCS529_1,Horario_5_15,408-A,1
ADMINISTRAÇÃO,GCS529_1,Horario_5_16,408-A,1
ADMINISTRAÇÃO,GCS530_1,Horario_2_13,312-C,25
ADMINISTRAÇÃO,GCS530_1,Horario_2_14,312-C,25
ADMINISTRAÇÃO,GCS530_1,Horario_2_15,312-C,25
ADMINISTRAÇÃO,GCS530_1,Horario_2_16,312-C,25
ADMINISTRAÇÃO,GCS531_1,Horario_6_13,202-B,25
ADMINISTRAÇÃO,GCS531_1,Horario_6_14,202-B,25
ADMINISTRAÇÃO,GCS531_1,Horario_6_15,202-B,25
ADMINISTRAÇÃO,GCS531_1,Horario_6_16,202-B,25
ADMINISTRAÇÃO,GCS532_1,Horario_2_2,301-A,25
ADMINISTRAÇÃO,GCS532_1,Horario_2_3,301-A,25
ADMINISTRAÇÃO,GCS532_1,Horario_2_4,301-A,25
ADMINISTRAÇÃO,GCS532_1,Horario_2_5,301-A,25
ADMINISTRAÇÃO,GCS533_1,Horario_4_2,203-B,25
ADMINISTRAÇÃO,GCS533_1,Horario_4_3,203-B,25
ADMINISTRAÇÃO,GCS533_1,Horario_4_4,203-B,25
ADMINISTRAÇÃO,GCS533_1,Horario_4_5,203-B,25
ADMINISTRAÇÃO,GCS534_1,Horario_4_13,209-B,25
ADMINISTRAÇÃO,GCS534_1,Horario_4_14,209-B,25
ADMINISTRAÇÃO,GCS534_1,Horario_4_15,209-B,25
ADMINISTRAÇÃO,GCS534_1,Horario_4_16,209-B,25
ADMINISTRAÇÃO,GCS535_1,Horario_3_2,407-A,1
ADMINISTRAÇÃO,GCS535_1,Horario_3_3,407-A,1
ADMINISTRAÇÃO,GCS535_1,Horario_3_4,407-A,1
ADMINISTRAÇÃO,GCS535_1,Horario_3_5,407-A,1
ADMINISTRAÇÃO,GCS536_1,Horario_4_13,203-A,25
ADMINISTRAÇÃO,GCS536_1,Horario_4_14,203-A,25
ADMINISTRAÇÃO,GCS536_1,Horario_4_15,203-A,25
ADMINISTRAÇÃO,GCS536_1,Horario_4_16,203-A,25
ADMINISTRAÇÃO,GCS537_1,Horario_5_13,301-C,25
ADMINISTRAÇÃO,GCS537_1,Horario_5_14,301-C,25
ADMINISTRAÇÃO,GCS537_1,Horario_5_15,301-C,25
ADMINISTRAÇÃO,GCS537_1,Horario_5_16,301-C,25
ADMINISTRAÇÃO,GCS538_1,Horario_2_13,204-A,25
ADMINISTRAÇÃO,GCS538_1,Horario_2_14,204-A,25
ADMINISTRAÇÃO,GCS538_1,Horario_2_15,204-A,25
ADMINISTRAÇÃO,GCS538_1,Horario_2_16,204-A,25
ADMINISTRAÇÃO,GCS539_1,Horario_6_13,307-A,25
ADMINISTRAÇÃO,GCS539_1,Horario_6_14,307-A,25
ADMINISTRAÇÃO,GCS539_1,Horario_6_15,307-A,25
ADMINISTRAÇÃO,GCS539_1,Horario_6_16,307-A,25
ADMINISTRAÇÃO,GCS540_1,Horario_3_13,204-B,25
ADMINISTRAÇÃO,GCS540_1,Horario_3_14,204-B,25
ADMINISTRAÇÃO,GCS540_1,Horario_3_15,204-B,25
ADMINISTRAÇÃO,GCS540_1,Horario_3_16,204-B,25
ADMINISTRAÇÃO,GCS541_1,Horario_3_2,203-B,25
ADMINISTRAÇÃO,GCS541_1,Horario_3_3,203-B,25
ADMINISTRAÇÃO,GCS541_1,Horario_3_4,203-B,25
ADMINISTRAÇÃO,GCS541_1,Horario_3_5,203-B,25
ADMINISTRAÇÃO,GCS542_1,Horario_6_2,301-C,25
ADMINISTRAÇÃO,GCS542_1,Horario_6_3,301-C,25
ADMINISTRAÇÃO,GCS542_1,Horario_6_4,301-C,25
ADMINISTRAÇÃO,GCS542_1,Horario_6_5,301-C,25
ADMINISTRAÇÃO,GCS543_1,Horario_4_2,203-A,25
ADMINISTRAÇÃO,GCS543_1,Horario_4_3,203-A,25
ADMINISTRAÇÃO,GCS543_1,Horario_4_4,203-A,25
ADMINISTRAÇÃO,GCS543_1,Horario_4_5,203-A,25
ADMINISTRAÇÃO,GCS544_1,Horario_4_13,312-C,25
ADMINISTRAÇÃO,GCS544_1,Horario_4_14,312-C,25
ADMINISTRAÇÃO,GCS544_1,Horario_4_15,312-C,25
ADMINISTRAÇÃO,GCS544_1,Horario_4_16,312-C,25
ADMINISTRAÇÃO,GCS545_1,Horario_5_13,304-B,25
ADMINISTRAÇÃO,GCS545_1,Horario_5_14,304-B,25
ADMINISTRAÇÃO,GCS545_1,Horario_5_15,304-B,25
ADMINISTRAÇÃO,GCS545_1,Horario_5_16,304-B,25
ADMINISTRAÇÃO,GCS546_1,Horario_3_2,206-A,25
ADMINISTRAÇÃO,GCS546_1,Horario_3_3,206-A,25
ADMINISTRAÇÃO,GCS546_1,Horario_3_4,206-A,25
ADMINISTRAÇÃO,GCS546_1,Horario_3_5,206-A,25
ADMINISTRAÇÃO,GCS547_1,Horario_6_2,202-A,25
ADMINISTRAÇÃO,GCS547_1,Horario_6_3,202-A,25
ADMINISTRAÇÃO,GCS547_1,Horario_6_4,202-A,25
ADMINISTRAÇÃO,GCS547_1,Horario_6_5,202-A,25
ADMINISTRAÇÃO,GCS548_1,Horario_4_2,206-A,25
ADMINISTRAÇÃO,GCS548_1,Horario_4_3,206-A,25
ADMINISTRAÇÃO,GCS548_1,Horario_4_4,206-A,25
ADMINISTRAÇÃO,GCS548_1,Horario_4_5,206-A,25
ADMINISTRAÇÃO,GCS549_1,Horario_3_13,305-A,25
ADMINISTRAÇÃO,GCS549_1,Horario_3_14,305-A,25
ADMINISTRAÇÃO,GCS549_1,Horario_3_15,305-A,25
ADMINISTRAÇÃO,GCS549_1,Horario_3_16,305-A,25
ADMINISTRAÇÃO,GCS550_1,Horario_2_13,308-A,25
ADMINISTRAÇÃO,GCS550_1,Horario_2_14,308-A,25
ADMINISTRAÇÃO,GCS550_1,Horario_2_15,308-A,25
ADMINISTRAÇÃO,GCS550_1,Horario_2_16,308-A,25
ADMINISTRAÇÃO,GCS551_1,Horario_4_13,304-B,25
ADMINISTRAÇÃO,GCS551_1,Horario_4_14,304-B,25
ADMINISTRAÇÃO,GCS551_1,Horario_4_15,304-B,25
ADMINISTRAÇÃO,GCS551_1,Horario_4_16,304-B,25
ADMINISTRAÇÃO,GCS552_1,Horario_4_7,105-C,80
ADMINISTRAÇÃO,GCS552_1,Horario_4_8,105-C,80
ADMINISTRAÇÃO,GCS552_1,Horario_4_9,105-C,80
ADMINISTRAÇÃO,GCS552_1,Horario_4_10,105-C,80
ADMINISTRAÇÃO,GCS552_1,Horario_4_11,105-C,80
ADMINISTRAÇÃO,GCS552_1,Horario_4_12,105-C,80
ADMINISTRAÇÃO,GCS552_1,Horario_5_7,105-C,80
ADMINISTRAÇÃO,GCS552_1,Horario_5_8,105-C,80
ADMINISTRAÇÃO,GCS552_1,Horario_5_9,105-C,80
ADMINISTRAÇÃO,GCS552_1,Horario_5_10,105-C,80
ADMINISTRAÇÃO,GCS552_1,Horario_5_11,105-C,80
ADMINISTRAÇÃO,GCS552_1,Horario_5_12,105-C,80
ADMINISTRAÇÃO,GCS554_1,Horario_5_13,209-A,25
ADMINISTRAÇÃO,GCS554_1,Horario_5_14,209-A,25
ADMINISTRAÇÃO,GCS554_1,Horario_5_15,209-A,25
ADMINISTRAÇÃO,GCS554_1,Horario_5_16,209-A,25
ADMINISTRAÇÃO,GCS556_1,Horario_4_2,313-C,25
ADMINISTRAÇÃO,GCS556_1,Horario_4_3,313-C,25
ADMINISTRAÇÃO,GCS556_1,Horario_4_4,313-C,25
ADMINISTRAÇÃO,GCS556_1,Horario_4_5,313-C,25
ADMINISTRAÇÃO,GCS566_1,Horario_3_13,312-C,25
ADMINISTRAÇÃO,GCS566_1,Horario_3_14,312-C,25
ADMINISTRAÇÃO,GCS566_1,Horario_3_15,312-C,25
ADMINISTRAÇÃO,GCS566_1,Horario_3_16,312-C,25
ADMINISTRAÇÃO,GCS573_1,Horario_6_13,201-B,25
ADMINISTRAÇÃO,GCS573_1,Horario_6_14,201-B,25
ADMINISTRAÇÃO,GCS573_1,Horario_6_15,201-B,25
ADMINISTRAÇÃO,GCS573_1,Horario_6_16,201-B,25
ADMINISTRAÇÃO,GEX094_1,Horario_4_2,407-A,1
ADMINISTRAÇÃO,GEX094_1,Horario_4_3,407-A,1
ADMINISTRAÇÃO,GEX094_1,Horario_4_4,407-A,1
ADMINISTRAÇÃO,GEX094_1,Horario_4_5,407-A,1
ADMINISTRAÇÃO,GEX210_3,Horario_4_13,202-B,25
ADMINISTRAÇÃO,GEX210_3,Horario_4_14,202-B,25
ADMINISTRAÇÃO,GEX210_3,Horario_4_15,202-B,25
ADMINISTRAÇÃO,GEX210_3,Horario_4_16,202-B,25
ADMINISTRAÇÃO,GEX212_4,Horario_2_13,206-A,25
ADMINISTRAÇÃO,GEX212_4,Horario_2_14,206-A,25
ADMINISTRAÇÃO,GEX212_4,Horario_2_15,206-A,25
ADMINISTRAÇÃO,GEX212_4,Horario_2_16,206-A,25
ADMINISTRAÇÃO,GLA104_3,Horario_5_13,313-C,25
ADMINISTRAÇÃO,GLA104_3,Horario_5_14,313-C,25
ADMINISTRAÇÃO,GLA104_3,Horario_5_15,313-C,25
ADMINISTRAÇÃO,GLA104_3,Horario_5_16,313-C,25
AGRONOMIA,GCA025_1,Horario_3_2,210-A,25
AGRONOMIA,GCA025_1,Horario_3_3,210-A,25
AGRONOMIA,GCA025_1,Horario_3_4,210-A,25
AGRONOMIA,GCA025_1,Horario_3_5,210-A,25
AGRONOMIA,GCA034_1,Horario_4_7,207-B,25
AGRONOMIA,GCA034_1,Horario_4_8,207-B,25
AGRONOMIA,GCA034_1,Horario_4_9,207-B,25
AGRONOMIA,GCA037_1,Horario_5_2,207-A,25
AGRONOMIA,GCA037_1,Horario_5_3,207-A,25
AGRONOMIA,GCA037_1,Horario_5_4,207-A,25
AGRONOMIA,GCA037_1,Horario_5_6,207-A,25
AGRONOMIA,GCA037_2,Horario_5_2,311-C,25
AGRONOMIA,GCA037_2,Horario_5_3,311-C,25
AGRONOMIA,GCA037_2,Horario_5_5,311-C,25
AGRONOMIA,GCA037_2,Horario_5_6,311-C,25
AGRONOMIA,GCA045_1,Horario_6_4,MINIAUDITÓRIO-C,5
AGRONOMIA,GCA045_1,Horario_6_5,MINIAUDITÓRIO-C,5
AGRONOMIA,GCA050_1,Horario_5_7,209-B,25
AGRONOMIA,GCA050_1,Horario_5_8,209-B,25
AGRONOMIA,GCA050_1,Horario_5_9,209-B,25
AGRONOMIA,GCA050_1,Horario_5_10,209-B,25
AGRONOMIA,GCA210_1,Horario_2_3,309-B,25
AGRONOMIA,GCA210_1,Horario_2_4,309-B,25
AGRONOMIA,GCA210_2,Horario_2_3,303-B,25
AGRONOMIA,GCA210_2,Horario_2_5,303-B,25
AGRONOMIA,GCA210_3,Horario_5_1,202-B,25
AGRONOMIA,GCA210_3,Horario_5_2,202-B,25
AGRONOMIA,GCA210_3,Horario_5_6,202-B,25
AGRONOMIA,GCA210_4,Horario_5_1,209-A,25
AGRONOMIA,GCA210_4,Horario_5_3,209-A,25
AGRONOMIA,GCA210_4,Horario_5_6,209-A,25
AGRONOMIA,GCA218_1,Horario_2_4,305-A,25
AGRONOMIA,GCA218_1,Horario_2_5,305-A,25
AGRONOMIA,GCA218_2,Horario_4_2,LAB-EST-C,5
AGRONOMIA,GCA218_2,Horario_4_3,LAB-EST-C,5
AGRONOMIA,GCA221_1,Horario_4_7,305-B,25
AGRONOMIA,GCA221_1,Horario_4_8,305-B,25
AGRONOMIA,GCA221_1,Horario_4_9,305-B,25
AGRONOMIA,GCA221_1,Horario_4_10,305-B,25
AGRONOMIA,GCA224_1,Horario_2_7,208-B,25
AGRONOMIA,GCA224_1,Horario_2_8,208-B,25
AGRONOMIA,GCA224_1,Horario_2_9,208-B,25
AGRONOMIA,GCA225_1,Horario_3_13,301-B,25
AGRONOMIA,GCA225_1,Horario_3_14,301-B,25
AGRONOMIA,GCA225_1,Horario_3_15,301-B,25
AGRONOMIA,GCA225_1,Horario_3_16,301-B,25
AGRONOMIA,GCA239_1,Horario_4_1,201-B,25
AGRONOMIA,GCA239_1,Horario_4_2,201-B,25
AGRONOMIA,GCA239_1,Horario_4_3,201-B,25
AGRONOMIA,GCA241_1,Horario_4_7,308-A,25
AGRONOMIA,GCA241_1,Horario_4_8,308-A,25
AGRONOMIA,GCA241_1,Horario_4_9,308-A,25
AGRONOMIA,GCA241_1,Horario_4_10,308-A,25
AGRONOMIA,GCA245_1,Horario_3_2,302-B,25
AGRONOMIA,GCA245_1,Horario_3_3,302-B,25
AGRONOMIA,GCA245_1,Horario_3_4,302-B,25
AGRONOMIA,GCA245_1,Horario_3_5,302-B,25
AGRONOMIA,GCA250_1,Horario_2_3,202-A,25
AGRONOMIA,GCA250_1,Horario_2_4,202-A,25
AGRONOMIA,GCA250_1,Horario_2_5,202-A,25
AGRONOMIA,GCA255_1,Horario_5_7,301-B,25
AGRONOMIA,GCA255_1,Horario_5_8,301-B,25
AGRONOMIA,GCA255_1,Horario_5_9,301-B,25
AGRONOMIA,GCA255_1,Horario_5_10,301-B,25
AGRONOMIA,GCA255_1,Horario_5_11,301-B,25
AGRONOMIA,GCA257_1,Horario_5_1,205-A,25
AGRONOMIA,GCA257_1,Horario_5_2,205-A,25
AGRONOMIA,GCA257_1,Horario_5_3,205-A,25
AGRONOMIA,GCA257_1,Horario_5_4,205-A,25
AGRONOMIA,GCA257_1,Horario_5_5,205-A,25
AGRONOMIA,GCA269_1,Horario_2_4,311-C,25
AGRONOMIA,GCA269_1,Horario_2_5,311-C,25
AGRONOMIA,GCA282_1,Horario_6_9,209-B,25
AGRONOMIA,GCA282_1,Horario_6_10,209-B,25
AGRONOMIA,GCA282_1,Horario_6_12,209-B,25
AGRONOMIA,GCA282_1,Horario_6_13,209-B,25
AGRONOMIA,GCA282_1,Horario_6_14,209-B,25
AGRONOMIA,GCA282_1,Horario_6_15,209-B,25
AGRONOMIA,GCA282_1,Horario_6_16,209-B,25
AGRONOMIA,GCA283_1,Horario_7_1,205-A,25
AGRONOMIA,GCA283_1,Horario_7_2,205-A,25
AGRONOMIA,GCA283_1,Horario_7_3,205-A,25
AGRONOMIA,GCA283_1,Horario_7_4,205-A,25
AGRONOMIA,GCA283_1,Horario_7_5,205-A,25
AGRONOMIA,GCA283_1,Horario_7_6,205-A,25
AGRONOMIA,GCA283_1,Horario_3_7,205-A,25
AGRONOMIA,GCA283_1,Horario_3_8,205-A,25
AGRONOMIA,GCA283_1,Horario_3_9,205-A,25
AGRONOMIA,GCA283_1,Horario_3_10,205-A,25
AGRONOMIA,GCA283_1,Horario_3_11,205-A,25
AGRONOMIA,GCA283_1,Horario_3_12,205-A,25
AGRONOMIA,GCA283_1,Horario_7_7,205-A,25
AGRONOMIA,GCA283_1,Horario_7_8,205-A,25
AGRONOMIA,GCA283_1,Horario_7_9,205-A,25
AGRONOMIA,GCA283_1,Horario_7_10,205-A,25
AGRONOMIA,GCA283_1,Horario_7_11,205-A,25
AGRONOMIA,GCA283_1,Horario_7_12,205-A,25
AGRONOMIA,GCA283_1,Horario_7_13,205-A,25
AGRONOMIA,GCA283_1,Horario_7_14,205-A,25
AGRONOMIA,GCA283_1,Horario_7_15,205-A,25
AGRONOMIA,GCA286_1,Horario_3_7,209-B,25
AGRONOMIA,GCA286_1,Horario_3_8,209-B,25
AGRONOMIA,GCA286_1,Horario_3_9,209-B,25
AGRONOMIA,GCA286_2,Horario_3_7,203-B,25
AGRONOMIA,GCA286_2,Horario_3_10,203-B,25
AGRONOMIA,GCA286_2,Horario_3_11,203-B,25
AGRONOMIA,GCA287_1,Horario_6_7,305-B,25
AGRONOMIA,GCA287_1,Horario_6_8,305-B,25
AGRONOMIA,GCA312_1,Horario_6_1,LAB-EST-C,5
AGRONOMIA,GCA312_1,Horario_6_2,LAB-EST-C,5
AGRONOMIA,GCA315_1,Horario_6_7,304-B,25
AGRONOMIA,GCA315_1,Horario_6_8,304-B,25
AGRONOMIA,GCA315_1,Horario_6_9,304-B,25
AGRONOMIA,GCA588_1,Horario_6_3,308-A,25
AGRONOMIA,GCA588_1,Horario_6_4,308-A,25
AGRONOMIA,GCA588_1,Horario_6_5,308-A,25
AGRONOMIA,GCA655_1,Horario_6_3,203-A,25
AGRONOMIA,GCA655_1,Horario_6_4,203-A,25
AGRONOMIA,GCA655_1,Horario_6_5,203-A,25
AGRONOMIA,GCA657_1,Horario_6_2,204-B,25
AGRONOMIA,GCA657_1,Horario_6_3,204-B,25
AGRONOMIA,GCA657_1,Horario_6_4,204-B,25
AGRONOMIA,GCA657_1,Horario_6_5,204-B,25
AGRONOMIA,GCA675_1,Horario_6_3,305-B,25
AGRONOMIA,GCA675_1,Horario_6_4,305-B,25
AGRONOMIA,GCA675_1,Horario_6_5,305-B,25
AGRONOMIA,GCB030_1,Horario_2_1,203-B,25
AGRONOMIA,GCB030_1,Horario_2_2,203-B,25
AGRONOMIA,GCB030_1,Horario_2_3,203-B,25
AGRONOMIA,GCB054_1,Horario_4_4,204-B,25
AGRONOMIA,GCB054_1,Horario_4_5,204-B,25
AGRONOMIA,GCB056_4,Horario_5_4,203-A,25
AGRONOMIA,GCB056_4,Horario_5_5,203-A,25
AGRONOMIA,GCB056_4,Horario_3_7,203-A,25
AGRONOMIA,GCB056_4,Horario_3_8,203-A,25
AGRONOMIA,GCB056_4,Horario_3_11,203-A,25
AGRONOMIA,GCB056_5,Horario_5_4,306-A,75
AGRONOMIA,GCB056_5,Horario_5_5,306-A,75
AGRONOMIA,GCB056_5,Horario_3_9,306-A,75
AGRONOMIA,GCB056_5,Horario_3_10,306-A,75
AGRONOMIA,GCB056_5,Horario_3_11,306-A,75
AGRONOMIA,GCB107_1,Horario_4_1,209-A,25
AGRONOMIA,GCB107_1,Horario_4_2,209-A,25
AGRONOMIA,GCB107_1,Horario_4_3,209-A,25
AGRONOMIA,GCB107_1,Horario_4_4,209-A,25
AGRONOMIA,GCB130_1,Horario_4_4,LAB-EST-C,5
AGRONOMIA,GCB130_1,Horario_4_5,LAB-EST-C,5
AGRONOMIA,GCH008_1,Horario_5_7,220-C,25
AGRONOMIA,GCH008_1,Horario_5_8,220-C,25
AGRONOMIA,GCH008_1,Horario_5_9,220-C,25
AGRONOMIA,GCH008_1,Horario_5_10,220-C,25
AGRONOMIA,GCH008_1,Horario_5_11,220-C,25
AGRONOMIA,GCH012_1,Horario_3_7,303-B,25
AGRONOMIA,GCH012_1,Horario_3_8,303-B,25
AGRONOMIA,GCH012_1,Horario_3_9,303-B,25
AGRONOMIA,GCH012_1,Horario_3_10,303-B,25
AGRONOMIA,GCH292_3,Horario_5_7,206-A,25
AGRONOMIA,GCH292_3,Horario_5_8,206-A,25
AGRONOMIA,GCH292_3,Horario_5_9,206-A,25
AGRONOMIA,GCH292_3,Horario_5_10,206-A,25
AGRONOMIA,GCH292_3,Horario_5_11,206-A,25
AGRONOMIA,GCS005_1,Horario_2_7,301-C,25
AGRONOMIA,GCS005_1,Horario_2_8,301-C,25
AGRONOMIA,GCS005_1,Horario_2_9,301-C,25
AGRONOMIA,GCS056_1,Horario_3_7,220-C,25
AGRONOMIA,GCS056_1,Horario_3_8,220-C,25
AGRONOMIA,GCS056_1,Horario_3_9,220-C,25
AGRONOMIA,GCS056_1,Horario_3_10,220-C,25
AGRONOMIA,GCS073_1,Horario_4_2,210-A,25
AGRONOMIA,GCS073_1,Horario_4_3,210-A,25
AGRONOMIA,GCS073_1,Horario_4_4,210-A,25
AGRONOMIA,GCS073_1,Horario_4_5,210-A,25
AGRONOMIA,GCS243_1,Horario_2_7,301-A,25
AGRONOMIA,GCS243_1,Horario_2_8,301-A,25
AGRONOMIA,GCS243_1,Horario_2_9,301-A,25
AGRONOMIA,GEX080_1,Horario_5_1,303-B,25
AGRONOMIA,GEX080_1,Horario_5_2,303-B,25
AGRONOMIA,GEX080_1,Horario_5_3,303-B,25
AGRONOMIA,GEX080_1,Horario_5_4,303-B,25
AGRONOMIA,GEX080_1,Horario_5_5,303-B,25
AGRONOMIA,GEX116_1,Horario_2_7,LAB-EST-C,5
AGRONOMIA,GEX116_1,Horario_2_8,LAB-EST-C,5
AGRONOMIA,GEX116_1,Horario_2_9,LAB-EST-C,5
AGRONOMIA,GEX116_2,Horario_2_7,207-B,25
AGRONOMIA,GEX116_2,Horario_2_8,207-B,25
AGRONOMIA,GEX116_2,Horario_2_10,207-B,25
AGRONOMIA,GEX179_1,Horario_6_7,301-B,25
AGRONOMIA,GEX179_1,Horario_6_8,301-B,25
AGRONOMIA,GEX179_1,Horario_6_9,301-B,25
AGRONOMIA,GEX179_1,Horario_6_10,301-B,25
AGRONOMIA,GEX190_1,Horario_6_1,305-A,25
AGRONOMIA,GEX190_1,Horario_6_2,305-A,25
AGRONOMIA,GEX190_1,Horario_6_3,305-A,25
AGRONOMIA,GEX190_1,Horario_6_4,305-A,25
AGRONOMIA,GEX190_2,Horario_6_1,204-A,25
AGRONOMIA,GEX190_2,Horario_6_2,204-A,25
AGRONOMIA,GEX190_2,Horario_6_3,204-A,25
AGRONOMIA,GEX190_2,Horario_6_5,204-A,25
AGRONOMIA,GEX431_1,Horario_3_3,301-A,25
AGRONOMIA,GEX431_1,Horario_3_4,301-A,25
AGRONOMIA,GEX431_1,Horario_3_5,301-A,25
CIÊNCIA DA COMPUTAÇÃO,GCH290_5,Horario_4_13,310-B,25
CIÊNCIA DA COMPUTAÇÃO,GCH290_5,Horario_4_14,310-B,25
CIÊNCIA DA COMPUTAÇÃO,GCH290_5,Horario_4_15,310-B,25
CIÊNCIA DA COMPUTAÇÃO,GCH290_5,Horario_4_16,310-B,25
CIÊNCIA DA COMPUTAÇÃO,GCH292_2,Horario_4_7,309-B,25
CIÊNCIA DA COMPUTAÇÃO,GCH292_2,Horario_4_8,309-B,25
CIÊNCIA DA COMPUTAÇÃO,GCH292_2,Horario_4_9,309-B,25
CIÊNCIA DA COMPUTAÇÃO,GCH292_2,Horario_4_10,309-B,25
CIÊNCIA DA COMPUTAÇÃO,GCH292_2,Horario_4_11,309-B,25
CIÊNCIA DA COMPUTAÇÃO,GCH293_2,Horario_2_13,207-B,25
CIÊNCIA DA COMPUTAÇÃO,GCH293_2,Horario_2_14,207-B,25
CIÊNCIA DA COMPUTAÇÃO,GCH293_2,Horario_2_15,207-B,25
CIÊNCIA DA COMPUTAÇÃO,GCH293_2,Horario_2_16,207-B,25
CIÊNCIA DA COMPUTAÇÃO,GCS238_2,Horario_3_13,309-B,25
CIÊNCIA DA COMPUTAÇÃO,GCS238_2,Horario_3_14,309-B,25
CIÊNCIA DA COMPUTAÇÃO,GCS238_2,Horario_3_15,309-B,25
CIÊNCIA DA COMPUTAÇÃO,GCS238_2,Horario_3_16,309-B,25
CIÊNCIA DA COMPUTAÇÃO,GCS239_2,Horario_2_7,308-A,25
CIÊNCIA DA COMPUTAÇÃO,GCS239_2,Horario_2_8,308-A,25
CIÊNCIA DA COMPUTAÇÃO,GCS239_2,Horario_2_9,308-A,25
CIÊNCIA DA COMPUTAÇÃO,GCS239_2,Horario_2_10,308-A,25
CIÊNCIA DA COMPUTAÇÃO,GCS239_2,Horario_2_11,308-A,25
CIÊNCIA DA COMPUTAÇÃO,GCS580_1,Horario_3_7,308-B,25
CIÊNCIA DA COMPUTAÇÃO,GCS580_1,Horario_3_8,308-B,25
CIÊNCIA DA COMPUTAÇÃO,GCS580_1,Horario_3_9,308-B,25
CIÊNCIA DA COMPUTAÇÃO,GCS580_1,Horario_5_10,308-B,25
CIÊNCIA DA COMPUTAÇÃO,GCS580_1,Horario_5_11,308-B,25
CIÊNCIA DA COMPUTAÇÃO,GEN253_1,Horario_2_10,310-B,25
CIÊNCIA DA COMPUTAÇÃO,GEN253_1,Horario_2_11,310-B,25
CIÊNCIA DA COMPUTAÇÃO,GEN253_1,Horario_3_7,310-B,25
CIÊNCIA DA COMPUTAÇÃO,GEN253_1,Horario_3_8,310-B,25
CIÊNCIA DA COMPUTAÇÃO,GEN253_1,Horario_3_9,310-B,25
CIÊNCIA DA COMPUTAÇÃO,GEN254_1,Horario_3_7,309-B,25
CIÊNCIA DA COMPUTAÇÃO,GEN254_1,Horario_3_8,309-B,25
CIÊNCIA DA COMPUTAÇÃO,GEN254_1,Horario_3_9,309-B,25
CIÊNCIA DA COMPUTAÇÃO,GEN254_1,Horario_5_10,309-B,25
CIÊNCIA DA COMPUTAÇÃO,GEN254_1,Horario_5_11,309-B,25
CIÊNCIA DA COMPUTAÇÃO,GEX003_1,Horario_5_13,308-B,25
CIÊNCIA DA COMPUTAÇÃO,GEX003_1,Horario_5_14,308-B,25
CIÊNCIA DA COMPUTAÇÃO,GEX003_1,Horario_5_15,308-B,25
CIÊNCIA DA COMPUTAÇÃO,GEX003_1,Horario_5_16,308-B,25
CIÊNCIA DA COMPUTAÇÃO,GEX003_2,Horario_5_13,309-B,25
CIÊNCIA DA COMPUTAÇÃO,GEX003_2,Horario_5_14,309-B,25
CIÊNCIA DA COMPUTAÇÃO,GEX003_2,Horario_5_15,309-B,25
CIÊNCIA DA COMPUTAÇÃO,GEX003_2,Horario_5_16,309-B,25
CIÊNCIA DA COMPUTAÇÃO,GEX055_1,Horario_5_10,310-B,25
CIÊNCIA DA COMPUTAÇÃO,GEX055_1,Horario_5_11,310-B,25
CIÊNCIA DA COMPUTAÇÃO,GEX055_1,Horario_6_7,310-B,25
CIÊNCIA DA COMPUTAÇÃO,GEX055_1,Horario_6_8,310-B,25
CIÊNCIA DA COMPUTAÇÃO,GEX055_1,Horario_6_9,310-B,25
CIÊNCIA DA COMPUTAÇÃO,GEX090_1,Horario_4_7,308-B,25
CIÊNCIA DA COMPUTAÇÃO,GEX090_1,Horario_4_8,308-B,25
CIÊNCIA DA COMPUTAÇÃO,GEX090_1,Horario_4_9,308-B,25
CIÊNCIA DA COMPUTAÇÃO,GEX090_1,Horario_6_10,308-B,25
CIÊNCIA DA COMPUTAÇÃO,GEX090_1,Horario_6_11,308-B,25
CIÊNCIA DA COMPUTAÇÃO,GEX091_1,Horario_3_13,310-B,25
CIÊNCIA DA COMPUTAÇÃO,GEX091_1,Horario_3_14,310-B,25
CIÊNCIA DA COMPUTAÇÃO,GEX091_1,Horario_3_15,310-B,25
CIÊNCIA DA COMPUTAÇÃO,GEX091_1,Horario_3_16,310-B,25
CIÊNCIA DA COMPUTAÇÃO,GEX098_1,Horario_2_13,308-B,25
CIÊNCIA DA COMPUTAÇÃO,GEX098_1,Horario_2_14,308-B,25
CIÊNCIA DA COMPUTAÇÃO,GEX098_1,Horario_2_15,308-B,25
CIÊNCIA DA COMPUTAÇÃO,GEX098_1,Horario_2_16,308-B,25
CIÊNCIA DA COMPUTAÇÃO,GEX098_2,Horario_2_13,309-B,25
CIÊNCIA DA COMPUTAÇÃO,GEX098_2,Horario_2_14,309-B,25
CIÊNCIA DA COMPUTAÇÃO,GEX098_2,Horario_2_15,309-B,25
CIÊNCIA DA COMPUTAÇÃO,GEX098_2,Horario_2_16,309-B,25
CIÊNCIA DA COMPUTAÇÃO,GEX101_1,Horario_2_13,310-B,25
CIÊNCIA DA COMPUTAÇÃO,GEX101_1,Horario_2_14,310-B,25
CIÊNCIA DA COMPUTAÇÃO,GEX101_1,Horario_2_15,310-B,25
CIÊNCIA DA COMPUTAÇÃO,GEX101_1,Horario_2_16,310-B,25
CIÊNCIA DA COMPUTAÇÃO,GEX102_1,Horario_3_10,309-B,25
CIÊNCIA DA COMPUTAÇÃO,GEX102_1,Horario_3_11,309-B,25
CIÊNCIA DA COMPUTAÇÃO,GEX102_1,Horario_5_7,309-B,25
CIÊNCIA DA COMPUTAÇÃO,GEX102_1,Horario_5_8,309-B,25
CIÊNCIA DA COMPUTAÇÃO,GEX102_1,Horario_5_9,309-B,25
CIÊNCIA DA COMPUTAÇÃO,GEX105_1,Horario_2_10,204-A,25
CIÊNCIA DA COMPUTAÇÃO,GEX105_1,Horario_2_11,204-A,25
CIÊNCIA DA COMPUTAÇÃO,GEX105_1,Horario_5_7,204-A,25
CIÊNCIA DA COMPUTAÇÃO,GEX105_1,Horario_5_8,204-A,25
CIÊNCIA DA COMPUTAÇÃO,GEX105_1,Horario_5_9,204-A,25
CIÊNCIA DA COMPUTAÇÃO,GEX107_1,Horario_5_13,310-B,25
CIÊNCIA DA COMPUTAÇÃO,GEX107_1,Horario_5_14,310-B,25
CIÊNCIA DA COMPUTAÇÃO,GEX107_1,Horario_5_15,310-B,25
CIÊNCIA DA COMPUTAÇÃO,GEX107_1,Horario_5_16,310-B,25
CIÊNCIA DA COMPUTAÇÃO,GEX108_1,Horario_2_7,309-B,25
CIÊNCIA DA COMPUTAÇÃO,GEX108_1,Horario_2_8,309-B,25
CIÊNCIA DA COMPUTAÇÃO,GEX108_1,Horario_2_9,309-B,25
CIÊNCIA DA COMPUTAÇÃO,GEX108_1,Horario_6_10,309-B,25
CIÊNCIA DA COMPUTAÇÃO,GEX108_1,Horario_6_11,309-B,25
CIÊNCIA DA COMPUTAÇÃO,GEX1082_1,Horario_4_7,309-A,25
CIÊNCIA DA COMPUTAÇÃO,GEX1082_1,Horario_4_8,309-A,25
CIÊNCIA DA COMPUTAÇÃO,GEX1082_1,Horario_4_9,309-A,25
CIÊNCIA DA COMPUTAÇÃO,GEX1082_1,Horario_5_10,309-A,25
CIÊNCIA DA COMPUTAÇÃO,GEX1082_1,Horario_5_11,309-A,25
CIÊNCIA DA COMPUTAÇÃO,GEX1083_1,Horario_5_13,207-B,25
CIÊNCIA DA COMPUTAÇÃO,GEX1083_1,Horario_5_14,207-B,25
CIÊNCIA DA COMPUTAÇÃO,GEX1083_1,Horario_5_15,207-B,25
CIÊNCIA DA COMPUTAÇÃO,GEX1083_1,Horario_5_16,207-B,25
CIÊNCIA DA COMPUTAÇÃO,GEX110_1,Horario_5_13,301-B,25
CIÊNCIA DA COMPUTAÇÃO,GEX110_1,Horario_5_14,301-B,25
CIÊNCIA DA COMPUTAÇÃO,GEX110_1,Horario_5_15,301-B,25
CIÊNCIA DA COMPUTAÇÃO,GEX110_1,Horario_5_16,301-B,25
CIÊNCIA DA COMPUTAÇÃO,GEX178_1,Horario_2_7,308-B,25
CIÊNCIA DA COMPUTAÇÃO,GEX178_1,Horario_2_8,308-B,25
CIÊNCIA DA COMPUTAÇÃO,GEX178_1,Horario_4_10,308-B,25
CIÊNCIA DA COMPUTAÇÃO,GEX178_1,Horario_4_11,308-B,25
CIÊNCIA DA COMPUTAÇÃO,GEX195_1,Horario_4_7,310-B,25
CIÊNCIA DA COMPUTAÇÃO,GEX195_1,Horario_4_8,310-B,25
CIÊNCIA DA COMPUTAÇÃO,GEX195_1,Horario_4_9,310-B,25
CIÊNCIA DA COMPUTAÇÃO,GEX195_1,Horario_6_10,310-B,25
CIÊNCIA DA COMPUTAÇÃO,GEX195_1,Horario_6_11,310-B,25
CIÊNCIA DA COMPUTAÇÃO,GEX208_1,Horario_3_13,301-A,25
CIÊNCIA DA COMPUTAÇÃO,GEX208_1,Horario_3_14,301-A,25
CIÊNCIA DA COMPUTAÇÃO,GEX208_1,Horario_3_15,301-A,25
CIÊNCIA DA COMPUTAÇÃO,GEX208_1,Horario_3_16,301-A,25
CIÊNCIA DA COMPUTAÇÃO,GEX208_2,Horario_3_13,308-B,25
CIÊNCIA DA COMPUTAÇÃO,GEX208_2,Horario_3_14,308-B,25
CIÊNCIA DA COMPUTAÇÃO,GEX208_2,Horario_3_15,308-B,25
CIÊNCIA DA COMPUTAÇÃO,GEX208_2,Horario_3_16,308-B,25
CIÊNCIA DA COMPUTAÇÃO,GEX210_2,Horario_6_13,310-B,25
CIÊNCIA DA COMPUTAÇÃO,GEX210_2,Horario_6_14,310-B,25
CIÊNCIA DA COMPUTAÇÃO,GEX210_2,Horario_6_15,310-B,25
CIÊNCIA DA COMPUTAÇÃO,GEX210_2,Horario_6_16,310-B,25
CIÊNCIA DA COMPUTAÇÃO,GEX213_1,Horario_4_13,309-B,25
CIÊNCIA DA COMPUTAÇÃO,GEX213_1,Horario_4_14,309-B,25
CIÊNCIA DA COMPUTAÇÃO,GEX213_1,Horario_4_15,309-B,25
CIÊNCIA DA COMPUTAÇÃO,GEX213_1,Horario_4_16,309-B,25
CIÊNCIA DA COMPUTAÇÃO,GEX392_1,Horario_3_13,304-A,25
CIÊNCIA DA COMPUTAÇÃO,GEX392_1,Horario_3_14,304-A,25
CIÊNCIA DA COMPUTAÇÃO,GEX392_1,Horario_3_15,304-A,25
CIÊNCIA DA COMPUTAÇÃO,GEX392_1,Horario_3_16,304-A,25
CIÊNCIA DA COMPUTAÇÃO,GEX395_1,Horario_2_13,311-C,25
CIÊNCIA DA COMPUTAÇÃO,GEX395_1,Horario_2_14,311-C,25
CIÊNCIA DA COMPUTAÇÃO,GEX395_1,Horario_2_15,311-C,25
CIÊNCIA DA COMPUTAÇÃO,GEX395_1,Horario_2_16,311-C,25
CIÊNCIA DA COMPUTAÇÃO,GEX605_1,Horario_2_13,204-B,25
CIÊNCIA DA COMPUTAÇÃO,GEX605_1,Horario_2_14,204-B,25
CIÊNCIA DA COMPUTAÇÃO,GEX605_1,Horario_2_15,204-B,25
CIÊNCIA DA COMPUTAÇÃO,GEX605_1,Horario_2_16,204-B,25
CIÊNCIA DA COMPUTAÇÃO,GEX605_2,Horario_3_10,308-B,25
CIÊNCIA DA COMPUTAÇÃO,GEX605_2,Horario_3_11,308-B,25
CIÊNCIA DA COMPUTAÇÃO,GEX605_2,Horario_5_7,308-B,25
CIÊNCIA DA COMPUTAÇÃO,GEX605_2,Horario_5_8,308-B,25
CIÊNCIA DA COMPUTAÇÃO,GEX605_2,Horario_5_9,308-B,25
CIÊNCIA DA COMPUTAÇÃO,GEX605_3,Horario_3_10,310-B,25
CIÊNCIA DA COMPUTAÇÃO,GEX605_3,Horario_3_11,310-B,25
CIÊNCIA DA COMPUTAÇÃO,GEX605_3,Horario_5_7,310-B,25
CIÊNCIA DA COMPUTAÇÃO,GEX605_3,Horario_5_8,310-B,25
CIÊNCIA DA COMPUTAÇÃO,GEX605_3,Horario_5_9,310-B,25
CIÊNCIA DA COMPUTAÇÃO,GEX606_1,Horario_5_13,202-B,25
CIÊNCIA DA COMPUTAÇÃO,GEX606_1,Horario_5_14,202-B,25
CIÊNCIA DA COMPUTAÇÃO,GEX606_1,Horario_5_15,202-B,25
CIÊNCIA DA COMPUTAÇÃO,GEX606_1,Horario_5_16,202-B,25
CIÊNCIA DA COMPUTAÇÃO,GEX607_1,Horario_4_13,210-A,25
CIÊNCIA DA COMPUTAÇÃO,GEX607_1,Horario_4_14,210-A,25
CIÊNCIA DA COMPUTAÇÃO,GEX607_1,Horario_4_15,210-A,25
CIÊNCIA DA COMPUTAÇÃO,GEX607_1,Horario_4_16,210-A,25
CIÊNCIA DA COMPUTAÇÃO,GEX608_1,Horario_4_13,301-C,25
CIÊNCIA DA COMPUTAÇÃO,GEX608_1,Horario_4_14,301-C,25
CIÊNCIA DA COMPUTAÇÃO,GEX608_1,Horario_4_15,301-C,25
CIÊNCIA DA COMPUTAÇÃO,GEX608_1,Horario_4_16,301-C,25
CIÊNCIA DA COMPUTAÇÃO,GEX609_1,Horario_6_13,308-B,25
CIÊNCIA DA COMPUTAÇÃO,GEX609_1,Horario_6_14,308-B,25
CIÊNCIA DA COMPUTAÇÃO,GEX609_1,Horario_6_15,308-B,25
CIÊNCIA DA COMPUTAÇÃO,GEX609_1,Horario_6_16,308-B,25
CIÊNCIA DA COMPUTAÇÃO,GEX612_1,Horario_2_4,310-B,25
CIÊNCIA DA COMPUTAÇÃO,GEX612_1,Horario_2_5,310-B,25
CIÊNCIA DA COMPUTAÇÃO,GEX612_1,Horario_3_4,310-B,25
CIÊNCIA DA COMPUTAÇÃO,GEX612_1,Horario_3_5,310-B,25
CIÊNCIA DA COMPUTAÇÃO,GEX612_1,Horario_2_7,310-B,25
CIÊNCIA DA COMPUTAÇÃO,GEX612_1,Horario_2_8,310-B,25
CIÊNCIA DA COMPUTAÇÃO,GEX612_1,Horario_2_9,310-B,25
CIÊNCIA DA COMPUTAÇÃO,GEX612_1,Horario_4_10,310-B,25
CIÊNCIA DA COMPUTAÇÃO,GEX612_1,Horario_4_11,310-B,25
CIÊNCIA DA COMPUTAÇÃO,GEX613_1,Horario_2_10,309-B,25
CIÊNCIA DA COMPUTAÇÃO,GEX613_1,Horario_2_11,309-B,25
CIÊNCIA DA COMPUTAÇÃO,GEX613_1,Horario_6_7,309-B,25
CIÊNCIA DA COMPUTAÇÃO,GEX613_1,Horario_6_8,309-B,25
CIÊNCIA DA COMPUTAÇÃO,GEX613_1,Horario_6_9,309-B,25
CIÊNCIA DA COMPUTAÇÃO,GEX613_2,Horario_2_10,308-B,25
CIÊNCIA DA COMPUTAÇÃO,GEX613_2,Horario_2_11,308-B,25
CIÊNCIA DA COMPUTAÇÃO,GEX613_2,Horario_6_7,308-B,25
CIÊNCIA DA COMPUTAÇÃO,GEX613_2,Horario_6_8,308-B,25
CIÊNCIA DA COMPUTAÇÃO,GEX613_2,Horario_6_9,308-B,25
CIÊNCIA DA COMPUTAÇÃO,GEX614_1,Horario_3_10,407-A,1
CIÊNCIA DA COMPUTAÇÃO,GEX614_1,Horario_3_11,407-A,1
CIÊNCIA DA COMPUTAÇÃO,GEX614_1,Horario_6_7,407-A,1
CIÊNCIA DA COMPUTAÇÃO,GEX614_1,Horario_6_8,407-A,1
CIÊNCIA DA COMPUTAÇÃO,GEX614_1,Horario_6_9,407-A,1
CIÊNCIA DA COMPUTAÇÃO,GEX616_1,Horario_6_13,305-B,25
CIÊNCIA DA COMPUTAÇÃO,GEX616_1,Horario_6_14,305-B,25
CIÊNCIA DA COMPUTAÇÃO,GEX616_1,Horario_6_15,305-B,25
CIÊNCIA DA COMPUTAÇÃO,GEX616_1,Horario_6_16,305-B,25
CIÊNCIA DA COMPUTAÇÃO,GEX617_1,Horario_6_13,309-B,25
CIÊNCIA DA COMPUTAÇÃO,GEX617_1,Horario_6_14,309-B,25
CIÊNCIA DA COMPUTAÇÃO,GEX617_1,Horario_6_15,309-B,25
CIÊNCIA DA COMPUTAÇÃO,GEX617_1,Horario_6_16,309-B,25
CIÊNCIA DA COMPUTAÇÃO,GEX618_1,Horario_4_13,302-C,25
CIÊNCIA DA COMPUTAÇÃO,GEX618_1,Horario_4_14,302-C,25
CIÊNCIA DA COMPUTAÇÃO,GEX618_1,Horario_4_15,302-C,25
CIÊNCIA DA COMPUTAÇÃO,GEX618_1,Horario_4_16,302-C,25
CIÊNCIA DA COMPUTAÇÃO,GEX635_1,Horario_2_13,313-C,25
CIÊNCIA DA COMPUTAÇÃO,GEX635_1,Horario_2_14,313-C,25
CIÊNCIA DA COMPUTAÇÃO,GEX635_1,Horario_2_15,313-C,25
CIÊNCIA DA COMPUTAÇÃO,GEX635_1,Horario_2_16,313-C,25
CIÊNCIA DA COMPUTAÇÃO,GEX657_1,Horario_5_1,309-B,25
CIÊNCIA DA COMPUTAÇÃO,GEX657_1,Horario_5_2,309-B,25
CIÊNCIA DA COMPUTAÇÃO,GEX657_1,Horario_5_3,309-B,25
CIÊNCIA DA COMPUTAÇÃO,GEX657_1,Horario_6_1,309-B,25
CIÊNCIA DA COMPUTAÇÃO,GEX657_1,Horario_6_2,309-B,25
CIÊNCIA DA COMPUTAÇÃO,GEX657_1,Horario_6_3,309-B,25
CIÊNCIA DA COMPUTAÇÃO,GEX657_1,Horario_7_1,309-B,25
CIÊNCIA DA COMPUTAÇÃO,GEX657_1,Horario_7_2,309-B,25
CIÊNCIA DA COMPUTAÇÃO,GEX657_1,Horario_7_3,309-B,25
CIÊNCIA DA COMPUTAÇÃO,GEX657_1,Horario_7_4,309-B,25
CIÊNCIA DA COMPUTAÇÃO,GEX657_1,Horario_7_5,309-B,25
CIÊNCIA DA COMPUTAÇÃO,GEX657_1,Horario_7_6,309-B,25
CIÊNCIA DA COMPUTAÇÃO,GEX658_1,Horario_5_1,308-B,25
CIÊNCIA DA COMPUTAÇÃO,GEX658_1,Horario_5_2,308-B,25
CIÊNCIA DA COMPUTAÇÃO,GEX658_1,Horario_6_1,308-B,25
CIÊNCIA DA COMPUTAÇÃO,GEX658_1,Horario_6_2,308-B,25
CIÊNCIA DA COMPUTAÇÃO,GEX658_1,Horario_6_3,308-B,25
CIÊNCIA DA COMPUTAÇÃO,GEX658_1,Horario_6_4,308-B,25
CIÊNCIA DA COMPUTAÇÃO,GEX658_1,Horario_6_5,308-B,25
CIÊNCIA DA COMPUTAÇÃO,GEX658_1,Horario_6_6,308-B,25
CIÊNCIA DA COMPUTAÇÃO,GEX658_1,Horario_7_1,308-B,25
CIÊNCIA DA COMPUTAÇÃO,GEX658_1,Horario_7_2,308-B,25
CIÊNCIA DA COMPUTAÇÃO,GEX658_1,Horario_7_3,308-B,25
CIÊNCIA DA COMPUTAÇÃO,GEX658_1,Horario_7_4,308-B,25
CIÊNCIA DA COMPUTAÇÃO,GEX658_1,Horario_7_5,308-B,25
CIÊNCIA DA COMPUTAÇÃO,GEX658_1,Horario_7_6,308-B,25
CIÊNCIA DA COMPUTAÇÃO,GLA104_2,Horario_4_13,308-B,25
CIÊNCIA DA COMPUTAÇÃO,GLA104_2,Horario_4_14,308-B,25
CIÊNCIA DA COMPUTAÇÃO,GLA104_2,Horario_4_15,308-B,25
CIÊNCIA DA COMPUTAÇÃO,GLA104_2,Horario_4_16,308-B,25
CIÊNCIAS SOCIAIS,GCH1325_1,Horario_2_13,LAB-EST-C,5
CIÊNCIAS SOCIAIS,GCH1325_1,Horario_2_14,LAB-EST-C,5
CIÊNCIAS SOCIAIS,GCH1325_1,Horario_2_15,LAB-EST-C,5
CIÊNCIAS SOCIAIS,GCH1325_1,Horario_2_16,LAB-EST-C,5
CIÊNCIAS SOCIAIS,GCH1333_1,Horario_5_13,305-A,25
CIÊNCIAS SOCIAIS,GCH1333_1,Horario_5_14,305-A,25
CIÊNCIAS SOCIAIS,GCH1333_1,Horario_5_15,305-A,25
CIÊNCIAS SOCIAIS,GCH1333_1,Horario_5_16,305-A,25
CIÊNCIAS SOCIAIS,GCH1334_1,Horario_3_13,302-C,25
CIÊNCIAS SOCIAIS,GCH1334_1,Horario_3_14,302-C,25
CIÊNCIAS SOCIAIS,GCH1334_1,Horario_3_15,302-C,25
CIÊNCIAS SOCIAIS,GCH1334_1,Horario_3_16,302-C,25
CIÊNCIAS SOCIAIS,GCH1388_1,Horario_4_13,311-C,25
CIÊNCIAS SOCIAIS,GCH1388_1,Horario_4_14,311-C,25
CIÊNCIAS SOCIAIS,GCH1388_1,Horario_4_15,311-C,25
CIÊNCIAS SOCIAIS,GCH1388_1,Horario_4_16,311-C,25
CIÊNCIAS SOCIAIS,GCH1394_1,Horario_2_13,305-A,25
CIÊNCIAS SOCIAIS,GCH1394_1,Horario_2_14,305-A,25
CIÊNCIAS SOCIAIS,GCH1394_1,Horario_2_15,305-A,25
CIÊNCIAS SOCIAIS,GCH1394_1,Horario_2_16,305-A,25
CIÊNCIAS SOCIAIS,GCH1395_1,Horario_5_13,LAB-EST-C,5
CIÊNCIAS SOCIAIS,GCH1395_1,Horario_5_14,LAB-EST-C,5
CIÊNCIAS SOCIAIS,GCH1395_1,Horario_5_15,LAB-EST-C,5
CIÊNCIAS SOCIAIS,GCH1395_1,Horario_5_16,LAB-EST-C,5
CIÊNCIAS SOCIAIS,GCH1396_1,Horario_6_13,204-A,25
CIÊNCIAS SOCIAIS,GCH1396_1,Horario_6_14,204-A,25
CIÊNCIAS SOCIAIS,GCH1396_1,Horario_6_15,204-A,25
CIÊNCIAS SOCIAIS,GCH1396_1,Horario_6_16,204-A,25
CIÊNCIAS SOCIAIS,GCH1397_1,Horario_3_13,207-B,25
CIÊNCIAS SOCIAIS,GCH1397_1,Horario_3_14,207-B,25
CIÊNCIAS SOCIAIS,GCH1397_1,Horario_3_15,207-B,25
CIÊNCIAS SOCIAIS,GCH1397_1,Horario_3_16,207-B,25
CIÊNCIAS SOCIAIS,GCH1402_1,Horario_2_13,209-A,25
CIÊNCIAS SOCIAIS,GCH1402_1,Horario_2_14,209-A,25
CIÊNCIAS SOCIAIS,GCH1402_1,Horario_2_15,209-A,25
CIÊNCIAS SOCIAIS,GCH1402_1,Horario_2_16,209-A,25
CIÊNCIAS SOCIAIS,GCH1403_1,Horario_6_13,207-A,25
CIÊNCIAS SOCIAIS,GCH1403_1,Horario_6_14,207-A,25
CIÊNCIAS SOCIAIS,GCH1403_1,Horario_6_15,207-A,25
CIÊNCIAS SOCIAIS,GCH1403_1,Horario_6_16,207-A,25
CIÊNCIAS SOCIAIS,GCH1404_1,Horario_4_13,303-B,25
CIÊNCIAS SOCIAIS,GCH1404_1,Horario_4_14,303-B,25
CIÊNCIAS SOCIAIS,GCH1404_1,Horario_4_15,303-B,25
CIÊNCIAS SOCIAIS,GCH1404_1,Horario_4_16,303-B,25
CIÊNCIAS SOCIAIS,GCH1405_1,Horario_3_13,210-A,25
CIÊNCIAS SOCIAIS,GCH1405_1,Horario_3_14,210-A,25
CIÊNCIAS SOCIAIS,GCH1405_1,Horario_3_15,210-A,25
CIÊNCIAS SOCIAIS,GCH1405_1,Horario_3_16,210-A,25
CIÊNCIAS SOCIAIS,GCH1409_1,Horario_7_1,201-A,25
CIÊNCIAS SOCIAIS,GCH1409_1,Horario_7_2,201-A,25
CIÊNCIAS SOCIAIS,GCH1409_1,Horario_7_3,201-A,25
CIÊNCIAS SOCIAIS,GCH1409_1,Horario_7_4,201-A,25
CIÊNCIAS SOCIAIS,GCH1410_1,Horario_3_8,206-B,25
CIÊNCIAS SOCIAIS,GCH1410_1,Horario_3_9,206-B,25
CIÊNCIAS SOCIAIS,GCH1410_1,Horario_3_10,206-B,25
CIÊNCIAS SOCIAIS,GCH1410_1,Horario_3_11,206-B,25
CIÊNCIAS SOCIAIS,GCH1410_1,Horario_3_13,206-B,25
CIÊNCIAS SOCIAIS,GCH1410_1,Horario_3_14,206-B,25
CIÊNCIAS SOCIAIS,GCH1410_1,Horario_3_15,206-B,25
CIÊNCIAS SOCIAIS,GCH1410_1,Horario_3_16,206-B,25
CIÊNCIAS SOCIAIS,GCH1420_1,Horario_4_13,307-A,25
CIÊNCIAS SOCIAIS,GCH1420_1,Horario_4_14,307-A,25
CIÊNCIAS SOCIAIS,GCH1420_1,Horario_4_15,307-A,25
CIÊNCIAS SOCIAIS,GCH1420_1,Horario_4_16,307-A,25
CIÊNCIAS SOCIAIS,GCH1433_1,Horario_4_13,301-A,25
CIÊNCIAS SOCIAIS,GCH1433_1,Horario_4_14,301-A,25
CIÊNCIAS SOCIAIS,GCH1433_1,Horario_4_15,301-A,25
CIÊNCIAS SOCIAIS,GCH1433_1,Horario_4_16,301-A,25
CIÊNCIAS SOCIAIS,GCH1457_1,Horario_5_13,308-A,25
CIÊNCIAS SOCIAIS,GCH1457_1,Horario_5_14,308-A,25
CIÊNCIAS SOCIAIS,GCH1457_1,Horario_5_15,308-A,25
CIÊNCIAS SOCIAIS,GCH1457_1,Horario_5_16,308-A,25
CIÊNCIAS SOCIAIS,GCH1460_1,Horario_5_13,202-A,25
CIÊNCIAS SOCIAIS,GCH1460_1,Horario_5_14,202-A,25
CIÊNCIAS SOCIAIS,GCH1460_1,Horario_5_15,202-A,25
CIÊNCIAS SOCIAIS,GCH1460_1,Horario_5_16,202-A,25
CIÊNCIAS SOCIAIS,GCH1678_1,Horario_5_13,407-A,1
CIÊNCIAS SOCIAIS,GCH1678_1,Horario_5_14,407-A,1
CIÊNCIAS SOCIAIS,GCH1678_1,Horario_5_15,407-A,1
CIÊNCIAS SOCIAIS,GCH1678_1,Horario_5_16,407-A,1
CIÊNCIAS SOCIAIS,GCH176_1,Horario_7_7,312-C,25
CIÊNCIAS SOCIAIS,GCH176_1,Horario_7_8,312-C,25
CIÊNCIAS SOCIAIS,GCH176_1,Horario_7_9,312-C,25
CIÊNCIAS SOCIAIS,GCH176_1,Horario_7_10,312-C,25
CIÊNCIAS SOCIAIS,GCH176_1,Horario_7_11,312-C,25
CIÊNCIAS SOCIAIS,GCH176_1,Horario_7_12,312-C,25
CIÊNCIAS SOCIAIS,GCH176_1,Horario_7_13,312-C,25
CIÊNCIAS SOCIAIS,GCH176_1,Horario_7_14,312-C,25
CIÊNCIAS SOCIAIS,GCH292_9,Horario_6_13,312-C,25
CIÊNCIAS SOCIAIS,GCH292_9,Horario_6_14,312-C,25
CIÊNCIAS SOCIAIS,GCH292_9,Horario_6_15,312-C,25
CIÊNCIAS SOCIAIS,GCH292_9,Horario_6_16,312-C,25
CIÊNCIAS SOCIAIS,GLA102_1,Horario_2_13,202-B,25
CIÊNCIAS SOCIAIS,GLA102_1,Horario_2_14,202-B,25
CIÊNCIAS SOCIAIS,GLA102_1,Horario_2_15,202-B,25
CIÊNCIAS SOCIAIS,GLA102_1,Horario_2_16,202-B,25
ENFERMAGEM,GCB019_1,Horario_5_7,207-B,25
ENFERMAGEM,GCB019_1,Horario_5_8,207-B,25
ENFERMAGEM,GCB019_1,Horario_5_9,207-B,25
ENFERMAGEM,GCB019_1,Horario_5_10,207-B,25
ENFERMAGEM,GCB019_1,Horario_5_11,207-B,25
ENFERMAGEM,GCB019_2,Horario_6_7,204-B,25
ENFERMAGEM,GCB019_2,Horario_6_8,204-B,25
ENFERMAGEM,GCB019_2,Horario_6_9,204-B,25
ENFERMAGEM,GCB019_2,Horario_6_10,204-B,25
ENFERMAGEM,GCB029_1,Horario_5_7,210-A,25
ENFERMAGEM,GCB029_1,Horario_5_8,210-A,25
ENFERMAGEM,GCB029_1,Horario_5_9,210-A,25
ENFERMAGEM,GCB029_1,Horario_5_10,210-A,25
ENFERMAGEM,GCB029_1,Horario_5_11,210-A,25
ENFERMAGEM,GCB064_1,Horario_2_7,305-B,25
ENFERMAGEM,GCB064_1,Horario_2_8,305-B,25
ENFERMAGEM,GCB064_1,Horario_2_9,305-B,25
ENFERMAGEM,GCB064_1,Horario_2_10,305-B,25
ENFERMAGEM,GCB064_2,Horario_2_2,309-A,25
ENFERMAGEM,GCB064_2,Horario_2_3,309-A,25
ENFERMAGEM,GCB064_2,Horario_2_4,309-A,25
ENFERMAGEM,GCB064_2,Horario_2_5,309-A,25
ENFERMAGEM,GCB076_1,Horario_5_7,207-A,25
ENFERMAGEM,GCB076_1,Horario_5_8,207-A,25
ENFERMAGEM,GCB076_1,Horario_5_9,207-A,25
ENFERMAGEM,GCB076_1,Horario_5_10,207-A,25
ENFERMAGEM,GCB076_1,Horario_5_11,207-A,25
ENFERMAGEM,GCH012_2,Horario_2_7,306-A,75
ENFERMAGEM,GCH012_2,Horario_2_8,306-A,75
ENFERMAGEM,GCH012_2,Horario_2_9,306-A,75
ENFERMAGEM,GCH012_2,Horario_2_10,306-A,75
ENFERMAGEM,GEX212_1,Horario_3_2,309-A,25
ENFERMAGEM,GEX212_1,Horario_3_3,309-A,25
ENFERMAGEM,GEX212_1,Horario_3_4,309-A,25
ENFERMAGEM,GEX212_1,Horario_3_5,309-A,25
ENFERMAGEM,GSA011_1,Horario_3_2,305-A,25
ENFERMAGEM,GSA011_1,Horario_3_3,305-A,25
ENFERMAGEM,GSA011_1,Horario_3_4,305-A,25
ENFERMAGEM,GSA011_1,Horario_3_5,305-A,25
ENFERMAGEM,GSA011_1,Horario_4_2,305-A,25
ENFERMAGEM,GSA011_1,Horario_4_3,305-A,25
ENFERMAGEM,GSA011_1,Horario_4_4,305-A,25
ENFERMAGEM,GSA011_1,Horario_4_5,305-A,25
ENFERMAGEM,GSA011_1,Horario_5_7,305-A,25
ENFERMAGEM,GSA011_1,Horario_5_8,305-A,25
ENFERMAGEM,GSA011_1,Horario_5_9,305-A,25
ENFERMAGEM,GSA011_1,Horario_5_10,305-A,25
ENFERMAGEM,GSA012_1,Horario_4_7,203-A,25
ENFERMAGEM,GSA012_1,Horario_4_8,203-A,25
ENFERMAGEM,GSA012_1,Horario_4_9,203-A,25
ENFERMAGEM,GSA012_1,Horario_4_10,203-A,25
ENFERMAGEM,GSA014_1,Horario_3_7,305-A,25
ENFERMAGEM,GSA014_1,Horario_3_8,305-A,25
ENFERMAGEM,GSA014_1,Horario_3_9,305-A,25
ENFERMAGEM,GSA014_1,Horario_3_10,305-A,25
ENFERMAGEM,GSA017_1,Horario_3_2,208-A,25
ENFERMAGEM,GSA017_1,Horario_3_3,208-A,25
ENFERMAGEM,GSA017_1,Horario_3_4,208-A,25
ENFERMAGEM,GSA017_1,Horario_3_5,208-A,25
ENFERMAGEM,GSA017_1,Horario_4_2,208-A,25
ENFERMAGEM,GSA017_1,Horario_4_3,208-A,25
ENFERMAGEM,GSA017_1,Horario_4_4,208-A,25
ENFERMAGEM,GSA017_1,Horario_4_5,208-A,25
ENFERMAGEM,GSA017_1,Horario_5_2,208-A,25
ENFERMAGEM,GSA017_1,Horario_5_3,208-A,25
ENFERMAGEM,GSA017_1,Horario_5_4,208-A,25
ENFERMAGEM,GSA017_1,Horario_5_5,208-A,25
ENFERMAGEM,GSA021_1,Horario_2_2,220-C,25
ENFERMAGEM,GSA021_1,Horario_2_3,220-C,25
ENFERMAGEM,GSA021_1,Horario_2_4,220-C,25
ENFERMAGEM,GSA021_1,Horario_2_5,220-C,25
ENFERMAGEM,GSA021_1,Horario_3_2,220-C,25
ENFERMAGEM,GSA021_1,Horario_3_3,220-C,25
ENFERMAGEM,GSA021_1,Horario_3_4,220-C,25
ENFERMAGEM,GSA021_1,Horario_3_5,220-C,25
ENFERMAGEM,GSA021_1,Horario_4_2,220-C,25
ENFERMAGEM,GSA021_1,Horario_4_3,220-C,25
ENFERMAGEM,GSA021_1,Horario_4_4,220-C,25
ENFERMAGEM,GSA021_1,Horario_4_5,220-C,25
ENFERMAGEM,GSA021_1,Horario_5_2,220-C,25
ENFERMAGEM,GSA021_1,Horario_5_3,220-C,25
ENFERMAGEM,GSA021_1,Horario_5_4,220-C,25
ENFERMAGEM,GSA021_1,Horario_5_5,220-C,25
ENFERMAGEM,GSA021_1,Horario_2_7,220-C,25
ENFERMAGEM,GSA021_1,Horario_2_8,220-C,25
ENFERMAGEM,GSA021_1,Horario_2_9,220-C,25
ENFERMAGEM,GSA021_1,Horario_2_10,220-C,25
ENFERMAGEM,GSA021_1,Horario_4_7,220-C,25
ENFERMAGEM,GSA021_1,Horario_4_8,220-C,25
ENFERMAGEM,GSA021_1,Horario_4_9,220-C,25
ENFERMAGEM,GSA021_1,Horario_4_10,220-C,25
ENFERMAGEM,GSA021_1,Horario_6_7,220-C,25
ENFERMAGEM,GSA021_1,Horario_6_8,220-C,25
ENFERMAGEM,GSA021_1,Horario_6_9,220-C,25
ENFERMAGEM,GSA021_1,Horario_6_10,220-C,25
ENFERMAGEM,GSA023_1,Horario_4_7,201-A,25
ENFERMAGEM,GSA023_1,Horario_4_8,201-A,25
ENFERMAGEM,GSA023_1,Horario_4_9,201-A,25
ENFERMAGEM,GSA023_1,Horario_4_10,201-A,25
ENFERMAGEM,GSA023_1,Horario_6_7,201-A,25
ENFERMAGEM,GSA023_1,Horario_6_8,201-A,25
ENFERMAGEM,GSA023_1,Horario_6_9,201-A,25
ENFERMAGEM,GSA023_1,Horario_6_10,201-A,25
ENFERMAGEM,GSA024_1,Horario_2_2,301-B,25
ENFERMAGEM,GSA024_1,Horario_2_3,301-B,25
ENFERMAGEM,GSA024_1,Horario_2_4,301-B,25
ENFERMAGEM,GSA024_1,Horario_2_5,301-B,25
ENFERMAGEM,GSA024_1,Horario_5_2,301-B,25
ENFERMAGEM,GSA024_1,Horario_5_3,301-B,25
ENFERMAGEM,GSA024_1,Horario_5_4,301-B,25
ENFERMAGEM,GSA024_1,Horario_5_5,301-B,25
ENFERMAGEM,GSA024_1,Horario_3_7,301-B,25
ENFERMAGEM,GSA024_1,Horario_3_8,301-B,25
ENFERMAGEM,GSA024_1,Horario_3_9,301-B,25
ENFERMAGEM,GSA024_1,Horario_3_10,301-B,25
ENFERMAGEM,GSA024_1,Horario_3_11,301-B,25
ENFERMAGEM,GSA025_1,Horario_2_7,301-B,25
ENFERMAGEM,GSA025_1,Horario_2_8,301-B,25
ENFERMAGEM,GSA025_1,Horario_2_9,301-B,25
ENFERMAGEM,GSA025_1,Horario_2_10,301-B,25
ENFERMAGEM,GSA025_1,Horario_2_11,301-B,25
ENFERMAGEM,GSA0303_1,Horario_3_7,302-C,25
ENFERMAGEM,GSA0303_1,Horario_3_8,302-C,25
ENFERMAGEM,GSA0303_1,Horario_3_9,302-C,25
ENFERMAGEM,GSA0303_1,Horario_3_10,302-C,25
ENFERMAGEM,GSA0303_1,Horario_3_11,302-C,25
ENFERMAGEM,GSA0303_1,Horario_4_7,302-C,25
ENFERMAGEM,GSA0303_1,Horario_4_8,302-C,25
ENFERMAGEM,GSA0303_1,Horario_4_9,302-C,25
ENFERMAGEM,GSA0303_1,Horario_4_10,302-C,25
ENFERMAGEM,GSA0303_1,Horario_4_11,302-C,25
ENFERMAGEM,GSA0304_1,Horario_4_2,202-A,25
ENFERMAGEM,GSA0304_1,Horario_4_3,202-A,25
ENFERMAGEM,GSA0304_1,Horario_4_4,202-A,25
ENFERMAGEM,GSA0304_1,Horario_4_5,202-A,25
ENFERMAGEM,GSA0305_1,Horario_5_2,408-A,1
ENFERMAGEM,GSA0305_1,Horario_5_3,408-A,1
ENFERMAGEM,GSA0305_1,Horario_5_4,408-A,1
ENFERMAGEM,GSA0305_1,Horario_5_5,408-A,1
ENFERMAGEM,GSA044_1,Horario_3_7,311-C,25
ENFERMAGEM,GSA044_1,Horario_3_8,311-C,25
ENFERMAGEM,GSA044_1,Horario_3_9,311-C,25
ENFERMAGEM,GSA044_1,Horario_3_10,311-C,25
ENFERMAGEM,GSA044_1,Horario_3_11,311-C,25
ENFERMAGEM,GSA044_1,Horario_5_7,311-C,25
ENFERMAGEM,GSA044_1,Horario_5_8,311-C,25
ENFERMAGEM,GSA044_1,Horario_5_9,311-C,25
ENFERMAGEM,GSA044_1,Horario_5_10,311-C,25
ENFERMAGEM,GSA044_1,Horario_5_11,311-C,25
ENFERMAGEM,GSA047_1,Horario_2_7,313-C,25
ENFERMAGEM,GSA047_1,Horario_2_8,313-C,25
ENFERMAGEM,GSA047_1,Horario_2_9,313-C,25
ENFERMAGEM,GSA047_1,Horario_2_10,313-C,25
ENFERMAGEM,GSA047_1,Horario_2_11,313-C,25
ENFERMAGEM,GSA047_1,Horario_2_12,313-C,25
ENFERMAGEM,GSA047_1,Horario_3_7,313-C,25
ENFERMAGEM,GSA047_1,Horario_3_8,313-C,25
ENFERMAGEM,GSA047_1,Horario_3_9,313-C,25
ENFERMAGEM,GSA047_1,Horario_3_10,313-C,25
ENFERMAGEM,GSA047_1,Horario_3_11,313-C,25
ENFERMAGEM,GSA047_1,Horario_3_12,313-C,25
ENFERMAGEM,GSA047_1,Horario_4_7,313-C,25
ENFERMAGEM,GSA047_1,Horario_4_8,313-C,25
ENFERMAGEM,GSA047_1,Horario_4_9,313-C,25
ENFERMAGEM,GSA047_1,Horario_4_10,313-C,25
ENFERMAGEM,GSA047_1,Horario_4_11,313-C,25
ENFERMAGEM,GSA047_1,Horario_4_12,313-C,25
ENFERMAGEM,GSA047_1,Horario_5_7,313-C,25
ENFERMAGEM,GSA047_1,Horario_5_8,313-C,25
ENFERMAGEM,GSA047_1,Horario_5_9,313-C,25
ENFERMAGEM,GSA047_1,Horario_5_10,313-C,25
ENFERMAGEM,GSA047_1,Horario_5_11,313-C,25
ENFERMAGEM,GSA047_1,Horario_5_12,313-C,25
ENFERMAGEM,GSA047_1,Horario_6_7,313-C,25
ENFERMAGEM,GSA047_1,Horario_6_8,313-C,25
ENFERMAGEM,GSA047_1,Horario_6_9,313-C,25
ENFERMAGEM,GSA047_1,Horario_6_10,313-C,25
ENFERMAGEM,GSA047_1,Horario_6_11,313-C,25
ENFERMAGEM,GSA047_1,Horario_6_12,313-C,25
ENFERMAGEM,GSA049_1,Horario_3_2,205-A,25
ENFERMAGEM,GSA049_1,Horario_3_3,205-A,25
ENFERMAGEM,GSA049_1,Horario_3_4,205-A,25
ENFERMAGEM,GSA049_1,Horario_3_5,205-A,25
ENGENHARIA AMBIENTAL E SANITÁRIA,GCA321_1,Horario_4_7,311-C,25
ENGENHARIA AMBIENTAL E SANITÁRIA,GCA321_1,Horario_4_8,311-C,25
ENGENHARIA AMBIENTAL E SANITÁRIA,GCA321_1,Horario_4_9,311-C,25
ENGENHARIA AMBIENTAL E SANITÁRIA,GCA322_1,Horario_3_7,202-A,25
ENGENHARIA AMBIENTAL E SANITÁRIA,GCA322_1,Horario_3_8,202-A,25
ENGENHARIA AMBIENTAL E SANITÁRIA,GCA322_1,Horario_4_7,202-A,25
ENGENHARIA AMBIENTAL E SANITÁRIA,GCA322_1,Horario_4_8,202-A,25
ENGENHARIA AMBIENTAL E SANITÁRIA,GCB128_1,Horario_3_1,LAB-EST-C,5
ENGENHARIA AMBIENTAL E SANITÁRIA,GCB128_1,Horario_3_2,LAB-EST-C,5
ENGENHARIA AMBIENTAL E SANITÁRIA,GCB128_1,Horario_3_3,LAB-EST-C,5
ENGENHARIA AMBIENTAL E SANITÁRIA,GCB184_1,Horario_5_9,408-A,1
ENGENHARIA AMBIENTAL E SANITÁRIA,GCB184_1,Horario_5_10,408-A,1
ENGENHARIA AMBIENTAL E SANITÁRIA,GCB184_1,Horario_5_11,408-A,1
ENGENHARIA AMBIENTAL E SANITÁRIA,GCS241_1,Horario_5_7,301-A,25
ENGENHARIA AMBIENTAL E SANITÁRIA,GCS241_1,Horario_5_8,301-A,25
ENGENHARIA AMBIENTAL E SANITÁRIA,GCS241_1,Horario_5_13,301-A,25
ENGENHARIA AMBIENTAL E SANITÁRIA,GCS241_1,Horario_5_14,301-A,25
ENGENHARIA AMBIENTAL E SANITÁRIA,GCS241_1,Horario_5_15,301-A,25
ENGENHARIA AMBIENTAL E SANITÁRIA,GCS241_1,Horario_5_16,301-A,25
ENGENHARIA AMBIENTAL E SANITÁRIA,GCS253_1,Horario_2_4,209-A,25
ENGENHARIA AMBIENTAL E SANITÁRIA,GCS253_1,Horario_2_5,209-A,25
ENGENHARIA AMBIENTAL E SANITÁRIA,GCS254_1,Horario_3_1,208-B,25
ENGENHARIA AMBIENTAL E SANITÁRIA,GCS254_1,Horario_3_2,208-B,25
ENGENHARIA AMBIENTAL E SANITÁRIA,GCS254_1,Horario_3_3,208-B,25
ENGENHARIA AMBIENTAL E SANITÁRIA,GEN011_1,Horario_5_4,206-B,25
ENGENHARIA AMBIENTAL E SANITÁRIA,GEN011_1,Horario_5_5,206-B,25
ENGENHARIA AMBIENTAL E SANITÁRIA,GEN011_1,Horario_6_10,206-B,25
ENGENHARIA AMBIENTAL E SANITÁRIA,GEN011_1,Horario_6_11,206-B,25
ENGENHARIA AMBIENTAL E SANITÁRIA,GEN011_1,Horario_2_13,206-B,25
ENGENHARIA AMBIENTAL E SANITÁRIA,GEN011_1,Horario_2_14,206-B,25
ENGENHARIA AMBIENTAL E SANITÁRIA,GEN011_1,Horario_2_15,206-B,25
ENGENHARIA AMBIENTAL E SANITÁRIA,GEN011_1,Horario_2_16,206-B,25
ENGENHARIA AMBIENTAL E SANITÁRIA,GEN026_1,Horario_4_3,205-A,25
ENGENHARIA AMBIENTAL E SANITÁRIA,GEN026_1,Horario_4_4,205-A,25
ENGENHARIA AMBIENTAL E SANITÁRIA,GEN026_1,Horario_6_1,205-A,25
ENGENHARIA AMBIENTAL E SANITÁRIA,GEN026_1,Horario_6_2,205-A,25
ENGENHARIA AMBIENTAL E SANITÁRIA,GEN042_1,Horario_2_9,202-B,25
ENGENHARIA AMBIENTAL E SANITÁRIA,GEN042_1,Horario_2_10,202-B,25
ENGENHARIA AMBIENTAL E SANITÁRIA,GEN042_1,Horario_3_9,202-B,25
ENGENHARIA AMBIENTAL E SANITÁRIA,GEN042_1,Horario_3_10,202-B,25
ENGENHARIA AMBIENTAL E SANITÁRIA,GEN096_1,Horario_2_1,306-A,75
ENGENHARIA AMBIENTAL E SANITÁRIA,GEN096_1,Horario_2_2,306-A,75
ENGENHARIA AMBIENTAL E SANITÁRIA,GEN096_1,Horario_6_3,306-A,75
ENGENHARIA AMBIENTAL E SANITÁRIA,GEN096_1,Horario_6_4,306-A,75
ENGENHARIA AMBIENTAL E SANITÁRIA,GEN096_1,Horario_6_5,306-A,75
ENGENHARIA AMBIENTAL E SANITÁRIA,GEN097_1,Horario_4_4,309-A,25
ENGENHARIA AMBIENTAL E SANITÁRIA,GEN097_1,Horario_4_5,309-A,25
ENGENHARIA AMBIENTAL E SANITÁRIA,GEN097_1,Horario_5_1,309-A,25
ENGENHARIA AMBIENTAL E SANITÁRIA,GEN097_1,Horario_5_2,309-A,25
ENGENHARIA AMBIENTAL E SANITÁRIA,GEN098_1,Horario_2_3,201-B,25
ENGENHARIA AMBIENTAL E SANITÁRIA,GEN098_1,Horario_2_4,201-B,25
ENGENHARIA AMBIENTAL E SANITÁRIA,GEN098_1,Horario_2_5,201-B,25
ENGENHARIA AMBIENTAL E SANITÁRIA,GEN103_1,Horario_6_7,205-A,25
ENGENHARIA AMBIENTAL E SANITÁRIA,GEN103_1,Horario_6_8,205-A,25
ENGENHARIA AMBIENTAL E SANITÁRIA,GEN103_1,Horario_6_9,205-A,25
ENGENHARIA AMBIENTAL E SANITÁRIA,GEN104_1,Horario_5_7,202-A,25
ENGENHARIA AMBIENTAL E SANITÁRIA,GEN104_1,Horario_5_8,202-A,25
ENGENHARIA AMBIENTAL E SANITÁRIA,GEN104_1,Horario_5_9,202-A,25
ENGENHARIA AMBIENTAL E SANITÁRIA,GEN109_1,Horario_5_3,302-B,25
ENGENHARIA AMBIENTAL E SANITÁRIA,GEN109_1,Horario_5_4,302-B,25
ENGENHARIA AMBIENTAL E SANITÁRIA,GEN109_1,Horario_5_5,302-B,25
ENGENHARIA AMBIENTAL E SANITÁRIA,GEN110_1,Horario_6_4,209-A,25
ENGENHARIA AMBIENTAL E SANITÁRIA,GEN110_1,Horario_6_5,209-A,25
ENGENHARIA AMBIENTAL E SANITÁRIA,GEN110_1,Horario_6_6,209-A,25
ENGENHARIA AMBIENTAL E SANITÁRIA,GEN111_1,Horario_3_4,303-B,25
ENGENHARIA AMBIENTAL E SANITÁRIA,GEN111_1,Horario_3_5,303-B,25
ENGENHARIA AMBIENTAL E SANITÁRIA,GEN111_1,Horario_4_1,303-B,25
ENGENHARIA AMBIENTAL E SANITÁRIA,GEN111_1,Horario_4_2,303-B,25
ENGENHARIA AMBIENTAL E SANITÁRIA,GEN112_1,Horario_5_7,302-C,25
ENGENHARIA AMBIENTAL E SANITÁRIA,GEN112_1,Horario_5_8,302-C,25
ENGENHARIA AMBIENTAL E SANITÁRIA,GEN113_1,Horario_4_8,305-A,25
ENGENHARIA AMBIENTAL E SANITÁRIA,GEN113_1,Horario_4_9,305-A,25
ENGENHARIA AMBIENTAL E SANITÁRIA,GEN113_1,Horario_4_10,305-A,25
ENGENHARIA AMBIENTAL E SANITÁRIA,GEN113_1,Horario_4_11,305-A,25
ENGENHARIA AMBIENTAL E SANITÁRIA,GEN118_1,Horario_6_7,301-A,25
ENGENHARIA AMBIENTAL E SANITÁRIA,GEN118_1,Horario_6_13,301-A,25
ENGENHARIA AMBIENTAL E SANITÁRIA,GEN118_1,Horario_6_14,301-A,25
ENGENHARIA AMBIENTAL E SANITÁRIA,GEN118_1,Horario_6_15,301-A,25
ENGENHARIA AMBIENTAL E SANITÁRIA,GEN119_1,Horario_2_10,205-B,25
ENGENHARIA AMBIENTAL E SANITÁRIA,GEN119_1,Horario_2_11,205-B,25
ENGENHARIA AMBIENTAL E SANITÁRIA,GEN119_1,Horario_2_12,205-B,25
ENGENHARIA AMBIENTAL E SANITÁRIA,GEN119_1,Horario_5_10,205-B,25
ENGENHARIA AMBIENTAL E SANITÁRIA,GEN119_1,Horario_5_11,205-B,25
ENGENHARIA AMBIENTAL E SANITÁRIA,GEN119_1,Horario_5_12,205-B,25
ENGENHARIA AMBIENTAL E SANITÁRIA,GEN119_1,Horario_6_10,205-B,25
ENGENHARIA AMBIENTAL E SANITÁRIA,GEN119_1,Horario_6_11,205-B,25
ENGENHARIA AMBIENTAL E SANITÁRIA,GEN119_1,Horario_6_12,205-B,25
ENGENHARIA AMBIENTAL E SANITÁRIA,GEN119_1,Horario_4_13,205-B,25
ENGENHARIA AMBIENTAL E SANITÁRIA,GEN119_1,Horario_4_14,205-B,25
ENGENHARIA AMBIENTAL E SANITÁRIA,GEN119_1,Horario_4_15,205-B,25
ENGENHARIA AMBIENTAL E SANITÁRIA,GEN167_1,Horario_5_1,203-B,25
ENGENHARIA AMBIENTAL E SANITÁRIA,GEN167_1,Horario_5_2,203-B,25
ENGENHARIA AMBIENTAL E SANITÁRIA,GEN195_1,Horario_2_1,MINIAUDITÓRIO-C,5
ENGENHARIA AMBIENTAL E SANITÁRIA,GEN195_1,Horario_2_2,MINIAUDITÓRIO-C,5
ENGENHARIA AMBIENTAL E SANITÁRIA,GEN195_1,Horario_2_3,MINIAUDITÓRIO-C,5
ENGENHARIA AMBIENTAL E SANITÁRIA,GEN196_1,Horario_2_7,305-A,25
ENGENHARIA AMBIENTAL E SANITÁRIA,GEN196_1,Horario_2_8,305-A,25
ENGENHARIA AMBIENTAL E SANITÁRIA,GEN196_1,Horario_2_9,305-A,25
ENGENHARIA AMBIENTAL E SANITÁRIA,GEN204_1,Horario_7_1,301-A,25
ENGENHARIA AMBIENTAL E SANITÁRIA,GEN204_1,Horario_7_2,301-A,25
ENGENHARIA AMBIENTAL E SANITÁRIA,GEN204_1,Horario_7_3,301-A,25
ENGENHARIA AMBIENTAL E SANITÁRIA,GEN204_1,Horario_5_10,301-A,25
ENGENHARIA AMBIENTAL E SANITÁRIA,GEN204_1,Horario_5_11,301-A,25
ENGENHARIA AMBIENTAL E SANITÁRIA,GEN204_1,Horario_5_12,301-A,25
ENGENHARIA AMBIENTAL E SANITÁRIA,GEX067_1,Horario_5_3,203-B,25
ENGENHARIA AMBIENTAL E SANITÁRIA,GEX067_1,Horario_5_4,203-B,25
ENGENHARIA AMBIENTAL E SANITÁRIA,GEX178_2,Horario_2_9,209-A,25
ENGENHARIA AMBIENTAL E SANITÁRIA,GEX178_2,Horario_2_10,209-A,25
ENGENHARIA AMBIENTAL E SANITÁRIA,GEX178_2,Horario_4_7,209-A,25
ENGENHARIA AMBIENTAL E SANITÁRIA,GEX178_2,Horario_4_8,209-A,25
ENGENHARIA AMBIENTAL E SANITÁRIA,GEX186_1,Horario_3_7,209-A,25
ENGENHARIA AMBIENTAL E SANITÁRIA,GEX186_1,Horario_3_8,209-A,25
ENGENHARIA AMBIENTAL E SANITÁRIA,GEX186_1,Horario_5_7,209-A,25
ENGENHARIA AMBIENTAL E SANITÁRIA,GEX186_1,Horario_5_8,209-A,25
ENGENHARIA AMBIENTAL E SANITÁRIA,GEX206_1,Horario_6_7,204-A,25
ENGENHARIA AMBIENTAL E SANITÁRIA,GEX206_1,Horario_6_8,204-A,25
ENGENHARIA AMBIENTAL E SANITÁRIA,GEX206_1,Horario_6_9,204-A,25
ENGENHARIA AMBIENTAL E SANITÁRIA,GEX210_16,Horario_4_9,202-A,25
ENGENHARIA AMBIENTAL E SANITÁRIA,GEX210_16,Horario_4_10,202-A,25
ENGENHARIA AMBIENTAL E SANITÁRIA,GEX210_16,Horario_6_10,202-A,25
ENGENHARIA AMBIENTAL E SANITÁRIA,GEX210_16,Horario_6_11,202-A,25
ENGENHARIA AMBIENTAL E SANITÁRIA,GEX219_1,Horario_3_4,202-B,25
ENGENHARIA AMBIENTAL E SANITÁRIA,GEX219_1,Horario_3_5,202-B,25
ENGENHARIA AMBIENTAL E SANITÁRIA,GEX219_1,Horario_6_1,202-B,25
ENGENHARIA AMBIENTAL E SANITÁRIA,GEX219_1,Horario_6_2,202-B,25
ENGENHARIA AMBIENTAL E SANITÁRIA,GEX296_1,Horario_4_1,308-A,25
ENGENHARIA AMBIENTAL E SANITÁRIA,GEX296_1,Horario_4_2,308-A,25
ENGENHARIA AMBIENTAL E SANITÁRIA,GEX296_1,Horario_4_3,308-A,25
ENGENHARIA AMBIENTAL E SANITÁRIA,GEX297_1,Horario_4_9,204-A,25
ENGENHARIA AMBIENTAL E SANITÁRIA,GEX297_1,Horario_4_10,204-A,25
ENGENHARIA AMBIENTAL E SANITÁRIA,GEX297_1,Horario_4_11,204-A,25
ENGENHARIA AMBIENTAL E SANITÁRIA,GEX298_1,Horario_3_1,313-C,25
ENGENHARIA AMBIENTAL E SANITÁRIA,GEX298_1,Horario_3_2,313-C,25
ENGENHARIA AMBIENTAL E SANITÁRIA,GEX298_1,Horario_3_3,313-C,25
ENGENHARIA AMBIENTAL E SANITÁRIA,GEX395_2,Horario_2_7,203-A,25
ENGENHARIA AMBIENTAL E SANITÁRIA,GEX395_2,Horario_2_8,203-A,25
ENGENHARIA AMBIENTAL E SANITÁRIA,GEX395_2,Horario_5_10,203-A,25
ENGENHARIA AMBIENTAL E SANITÁRIA,GEX395_2,Horario_5_11,203-A,25
ENGENHARIA AMBIENTAL E SANITÁRIA,GEX404_1,Horario_2_9,206-A,25
ENGENHARIA AMBIENTAL E SANITÁRIA,GEX404_1,Horario_2_10,206-A,25
ENGENHARIA AMBIENTAL E SANITÁRIA,GEX404_1,Horario_3_7,206-A,25
ENGENHARIA AMBIENTAL E SANITÁRIA,GEX404_1,Horario_3_8,206-A,25
ENGENHARIA AMBIENTAL E SANITÁRIA,GEX458_1,Horario_3_9,210-B,25
ENGENHARIA AMBIENTAL E SANITÁRIA,GEX458_1,Horario_3_10,210-B,25
ENGENHARIA AMBIENTAL E SANITÁRIA,GEX458_1,Horario_3_11,210-B,25
ENGENHARIA AMBIENTAL E SANITÁRIA,GEX607_2,Horario_2_7,202-A,25
ENGENHARIA AMBIENTAL E SANITÁRIA,GEX607_2,Horario_2_8,202-A,25
ENGENHARIA AMBIENTAL E SANITÁRIA,GEX607_2,Horario_3_9,202-A,25
ENGENHARIA AMBIENTAL E SANITÁRIA,GEX607_2,Horario_3_10,202-A,25
FILOSOFIA,GCH837_1,Horario_3_11,309-A,25
FILOSOFIA,GCH837_1,Horario_3_12,309-A,25
FILOSOFIA,GCH837_1,Horario_3_13,309-A,25
FILOSOFIA,GCH837_1,Horario_3_14,309-A,25
FILOSOFIA,GCH837_1,Horario_3_15,309-A,25
FILOSOFIA,GCH837_1,Horario_3_16,309-A,25
FILOSOFIA,GCH839_2,Horario_2_13,302-C,25
FILOSOFIA,GCH839_2,Horario_2_14,302-C,25
FILOSOFIA,GCH839_2,Horario_2_15,302-C,25
FILOSOFIA,GCH839_2,Horario_2_16,302-C,25
FILOSOFIA,GCH843_1,Horario_7_7,201-A,25
FILOSOFIA,GCH843_1,Horario_7_8,201-A,25
FILOSOFIA,GCH843_1,Horario_7_9,201-A,25
FILOSOFIA,GCH843_1,Horario_7_10,201-A,25
FILOSOFIA,GCH843_1,Horario_7_11,201-A,25
FILOSOFIA,GCH843_1,Horario_7_12,201-A,25
FILOSOFIA,GCH844_1,Horario_4_13,305-A,25
FILOSOFIA,GCH844_1,Horario_4_14,305-A,25
FILOSOFIA,GCH844_1,Horario_4_15,305-A,25
FILOSOFIA,GCH844_1,Horario_4_16,305-A,25
FILOSOFIA,GCH845_1,Horario_5_11,302-B,25
FILOSOFIA,GCH845_1,Horario_5_12,302-B,25
FILOSOFIA,GCH845_1,Horario_5_13,302-B,25
FILOSOFIA,GCH845_1,Horario_5_14,302-B,25
FILOSOFIA,GCH845_1,Horario_5_15,302-B,25
FILOSOFIA,GCH845_1,Horario_5_16,302-B,25
FILOSOFIA,GCH847_1,Horario_2_13,205-B,25
FILOSOFIA,GCH847_1,Horario_2_14,205-B,25
FILOSOFIA,GCH847_1,Horario_2_15,205-B,25
FILOSOFIA,GCH847_1,Horario_2_16,205-B,25
FILOSOFIA,GCH848_1,Horario_2_13,203-B,25
FILOSOFIA,GCH848_1,Horario_2_14,203-B,25
FILOSOFIA,GCH848_1,Horario_2_15,203-B,25
FILOSOFIA,GCH848_1,Horario_2_16,203-B,25
FILOSOFIA,GCH850_1,Horario_6_13,301-C,25
FILOSOFIA,GCH850_1,Horario_6_14,301-C,25
FILOSOFIA,GCH850_1,Horario_6_15,301-C,25
FILOSOFIA,GCH850_1,Horario_6_16,301-C,25
FILOSOFIA,GCH852_1,Horario_2_13,202-A,25
FILOSOFIA,GCH852_1,Horario_2_14,202-A,25
FILOSOFIA,GCH852_1,Horario_2_15,202-A,25
FILOSOFIA,GCH852_1,Horario_2_16,202-A,25
FILOSOFIA,GCH853_1,Horario_6_13,309-A,25
FILOSOFIA,GCH853_1,Horario_6_14,309-A,25
FILOSOFIA,GCH853_1,Horario_6_15,309-A,25
FILOSOFIA,GCH853_1,Horario_6_16,309-A,25
FILOSOFIA,GCH854_1,Horario_7_1,306-A,75
FILOSOFIA,GCH854_1,Horario_5_13,306-A,75
FILOSOFIA,GCH854_1,Horario_5_14,306-A,75
FILOSOFIA,GCH854_1,Horario_5_15,306-A,75
FILOSOFIA,GCH854_1,Horario_5_16,306-A,75
FILOSOFIA,GCH856_1,Horario_6_13,206-B,25
FILOSOFIA,GCH856_1,Horario_6_14,206-B,25
FILOSOFIA,GCH856_1,Horario_6_15,206-B,25
FILOSOFIA,GCH856_1,Horario_6_16,206-B,25
FILOSOFIA,GCH857_1,Horario_4_13,207-A,25
FILOSOFIA,GCH857_1,Horario_4_14,207-A,25
FILOSOFIA,GCH857_1,Horario_4_15,207-A,25
FILOSOFIA,GCH857_1,Horario_4_16,207-A,25
FILOSOFIA,GCH859_1,Horario_2_1,209-B,25
FILOSOFIA,GCH859_1,Horario_2_2,209-B,25
FILOSOFIA,GCH859_1,Horario_2_3,209-B,25
FILOSOFIA,GCH859_1,Horario_2_4,209-B,25
FILOSOFIA,GCH860_1,Horario_2_7,408-A,1
FILOSOFIA,GCH860_1,Horario_2_8,408-A,1
FILOSOFIA,GCH860_1,Horario_2_9,408-A,1
FILOSOFIA,GCH860_1,Horario_2_10,408-A,1
FILOSOFIA,GEX211_2,Horario_4_13,210-B,25
FILOSOFIA,GEX211_2,Horario_4_14,210-B,25
FILOSOFIA,GEX211_2,Horario_4_15,210-B,25
FILOSOFIA,GEX211_2,Horario_4_16,210-B,25
FILOSOFIA,GLA103_3,Horario_3_13,204-A,25
FILOSOFIA,GLA103_3,Horario_3_14,204-A,25
FILOSOFIA,GLA103_3,Horario_3_15,204-A,25
FILOSOFIA,GLA103_3,Horario_3_16,204-A,25
GEOGRAFIA,GCB295_1,Horario_2_7,LAB-CARTOGRAFIA-C,5
GEOGRAFIA,GCB295_1,Horario_2_8,LAB-CARTOGRAFIA-C,5
GEOGRAFIA,GCB295_1,Horario_2_9,LAB-CARTOGRAFIA-C,5
GEOGRAFIA,GCB295_1,Horario_2_10,LAB-CARTOGRAFIA-C,5
GEOGRAFIA,GCB295_1,Horario_2_11,LAB-CARTOGRAFIA-C,5
GEOGRAFIA,GCB295_1,Horario_2_12,LAB-CARTOGRAFIA-C,5
GEOGRAFIA,GCB295_1,Horario_2_13,LAB-CARTOGRAFIA-C,5
GEOGRAFIA,GCB295_1,Horario_2_14,LAB-CARTOGRAFIA-C,5
GEOGRAFIA,GCB295_1,Horario_2_15,LAB-CARTOGRAFIA-C,5
GEOGRAFIA,GCB295_1,Horario_2_16,LAB-CARTOGRAFIA-C,5
GEOGRAFIA,GCH290_8,Horario_4_13,308-A,25
GEOGRAFIA,GCH290_8,Horario_4_14,308-A,25
GEOGRAFIA,GCH290_8,Horario_4_15,308-A,25
GEOGRAFIA,GCH290_8,Horario_4_16,308-A,25
GEOGRAFIA,GCH292_10,Horario_5_13,210-B,25
GEOGRAFIA,GCH292_10,Horario_5_14,210-B,25
GEOGRAFIA,GCH292_10,Horario_5_15,210-B,25
GEOGRAFIA,GCH292_10,Horario_5_16,210-B,25
GEOGRAFIA,GCH293_6,Horario_6_13,208-A,25
GEOGRAFIA,GCH293_6,Horario_6_14,208-A,25
GEOGRAFIA,GCH293_6,Horario_6_15,208-A,25
GEOGRAFIA,GCH293_6,Horario_6_16,208-A,25
GEOGRAFIA,GCH620_1,Horario_7_1,203-A,25
GEOGRAFIA,GCH620_1,Horario_7_2,203-A,25
GEOGRAFIA,GCH620_1,Horario_7_3,203-A,25
GEOGRAFIA,GCH620_1,Horario_7_4,203-A,25
GEOGRAFIA,GCH620_1,Horario_7_5,203-A,25
GEOGRAFIA,GCH620_1,Horario_7_6,203-A,25
GEOGRAFIA,GCH620_1,Horario_2_13,203-A,25
GEOGRAFIA,GCH620_1,Horario_2_14,203-A,25
GEOGRAFIA,GCH620_1,Horario_2_15,203-A,25
GEOGRAFIA,GCH620_1,Horario_2_16,203-A,25
GEOGRAFIA,GCH622_1,Horario_5_13,LAB-CARTOGRAFIA-C,5
GEOGRAFIA,GCH622_1,Horario_5_14,LAB-CARTOGRAFIA-C,5
GEOGRAFIA,GCH622_1,Horario_5_15,LAB-CARTOGRAFIA-C,5
GEOGRAFIA,GCH622_1,Horario_5_16,LAB-CARTOGRAFIA-C,5
GEOGRAFIA,GCH623_1,Horario_5_13,307-A,25
GEOGRAFIA,GCH623_1,Horario_5_14,307-A,25
GEOGRAFIA,GCH623_1,Horario_5_15,307-A,25
GEOGRAFIA,GCH623_1,Horario_5_16,307-A,25
GEOGRAFIA,GCH626_1,Horario_3_13,LAB-HIDRO-C,5
GEOGRAFIA,GCH626_1,Horario_3_14,LAB-HIDRO-C,5
GEOGRAFIA,GCH626_1,Horario_3_15,LAB-HIDRO-C,5
GEOGRAFIA,GCH626_1,Horario_3_16,LAB-HIDRO-C,5
GEOGRAFIA,GCH627_1,Horario_4_13,207-B,25
GEOGRAFIA,GCH627_1,Horario_4_14,207-B,25
GEOGRAFIA,GCH627_1,Horario_4_15,207-B,25
GEOGRAFIA,GCH627_1,Horario_4_16,207-B,25
GEOGRAFIA,GCH628_1,Horario_3_7,LAB-CARTOGRAFIA-C,5
GEOGRAFIA,GCH628_1,Horario_3_8,LAB-CARTOGRAFIA-C,5
GEOGRAFIA,GCH628_1,Horario_3_9,LAB-CARTOGRAFIA-C,5
GEOGRAFIA,GCH628_1,Horario_3_10,LAB-CARTOGRAFIA-C,5
GEOGRAFIA,GCH628_1,Horario_3_11,LAB-CARTOGRAFIA-C,5
GEOGRAFIA,GCH628_1,Horario_3_13,LAB-CARTOGRAFIA-C,5
GEOGRAFIA,GCH628_1,Horario_3_14,LAB-CARTOGRAFIA-C,5
GEOGRAFIA,GCH628_1,Horario_3_15,LAB-CARTOGRAFIA-C,5
GEOGRAFIA,GCH628_1,Horario_3_16,LAB-CARTOGRAFIA-C,5
GEOGRAFIA,GCH632_1,Horario_2_13,304-A,25
GEOGRAFIA,GCH632_1,Horario_2_14,304-A,25
GEOGRAFIA,GCH632_1,Horario_2_15,304-A,25
GEOGRAFIA,GCH632_1,Horario_2_16,304-A,25
GEOGRAFIA,GCH633_1,Horario_4_13,LAB-CARTOGRAFIA-C,5
GEOGRAFIA,GCH633_1,Horario_4_14,LAB-CARTOGRAFIA-C,5
GEOGRAFIA,GCH633_1,Horario_4_15,LAB-CARTOGRAFIA-C,5
GEOGRAFIA,GCH633_1,Horario_4_16,LAB-CARTOGRAFIA-C,5
GEOGRAFIA,GCH634_1,Horario_6_13,205-A,25
GEOGRAFIA,GCH634_1,Horario_6_14,205-A,25
GEOGRAFIA,GCH634_1,Horario_6_15,205-A,25
GEOGRAFIA,GCH634_1,Horario_6_16,205-A,25
GEOGRAFIA,GCH637_1,Horario_7_7,LAB-CARTOGRAFIA-C,5
GEOGRAFIA,GCH637_1,Horario_7_8,LAB-CARTOGRAFIA-C,5
GEOGRAFIA,GCH637_1,Horario_7_9,LAB-CARTOGRAFIA-C,5
GEOGRAFIA,GCH637_1,Horario_7_10,LAB-CARTOGRAFIA-C,5
GEOGRAFIA,GEX210_8,Horario_5_13,MINIAUDITÓRIO-C,5
GEOGRAFIA,GEX210_8,Horario_5_14,MINIAUDITÓRIO-C,5
GEOGRAFIA,GEX210_8,Horario_5_15,MINIAUDITÓRIO-C,5
GEOGRAFIA,GEX210_8,Horario_5_16,MINIAUDITÓRIO-C,5
GEOGRAFIA,GEX556_1,Horario_6_13,LAB-CARTOGRAFIA-C,5
GEOGRAFIA,GEX556_1,Horario_6_14,LAB-CARTOGRAFIA-C,5
GEOGRAFIA,GEX556_1,Horario_6_15,LAB-CARTOGRAFIA-C,5
GEOGRAFIA,GEX556_1,Horario_6_16,LAB-CARTOGRAFIA-C,5
GEOGRAFIA,GEX557_1,Horario_3_13,105-C,80
GEOGRAFIA,GEX557_1,Horario_3_14,105-C,80
GEOGRAFIA,GEX557_1,Horario_3_15,105-C,80
GEOGRAFIA,GEX557_1,Horario_3_16,105-C,80
GEOGRAFIA,GEX559_1,Horario_3_13,307-A,25
GEOGRAFIA,GEX559_1,Horario_3_14,307-A,25
GEOGRAFIA,GEX559_1,Horario_3_15,307-A,25
GEOGRAFIA,GEX559_1,Horario_3_16,307-A,25
GEOGRAFIA,GEX559_1,Horario_7_1,LAB-CARTOGRAFIA-C,5
GEOGRAFIA,GEX559_1,Horario_7_2,LAB-CARTOGRAFIA-C,5
GEOGRAFIA,GEX559_1,Horario_7_3,LAB-CARTOGRAFIA-C,5
GEOGRAFIA,GEX559_1,Horario_7_4,LAB-CARTOGRAFIA-C,5
GEOGRAFIA,GEX559_1,Horario_7_5,LAB-CARTOGRAFIA-C,5
GEOGRAFIA,GEX559_1,Horario_7_6,LAB-CARTOGRAFIA-C,5
HISTÓRIA,GCH290_15,Horario_2_13,201-B,25
HISTÓRIA,GCH290_15,Horario_2_14,201-B,25
HISTÓRIA,GCH290_15,Horario_2_15,201-B,25
HISTÓRIA,GCH290_15,Horario_2_16,201-B,25
HISTÓRIA,GCH291_3,Horario_3_13,MINIAUDITÓRIO-C,5
HISTÓRIA,GCH291_3,Horario_3_14,MINIAUDITÓRIO-C,5
HISTÓRIA,GCH291_3,Horario_3_15,MINIAUDITÓRIO-C,5
HISTÓRIA,GCH291_3,Horario_3_16,MINIAUDITÓRIO-C,5
HISTÓRIA,GCH365_1,Horario_5_13,312-C,25
HISTÓRIA,GCH365_1,Horario_5_14,312-C,25
HISTÓRIA,GCH365_1,Horario_5_15,312-C,25
HISTÓRIA,GCH365_1,Horario_5_16,312-C,25
HISTÓRIA,GCH366_1,Horario_4_13,306-A,75
HISTÓRIA,GCH366_1,Horario_4_14,306-A,75
HISTÓRIA,GCH366_1,Horario_4_15,306-A,75
HISTÓRIA,GCH366_1,Horario_4_16,306-A,75
HISTÓRIA,GCH367_1,Horario_6_13,208-B,25
HISTÓRIA,GCH367_1,Horario_6_14,208-B,25
HISTÓRIA,GCH367_1,Horario_6_15,208-B,25
HISTÓRIA,GCH367_1,Horario_6_16,208-B,25
HISTÓRIA,GCH371_1,Horario_5_13,311-C,25
HISTÓRIA,GCH371_1,Horario_5_14,311-C,25
HISTÓRIA,GCH371_1,Horario_5_15,311-C,25
HISTÓRIA,GCH371_1,Horario_5_16,311-C,25
HISTÓRIA,GCH372_1,Horario_3_13,308-A,25
HISTÓRIA,GCH372_1,Horario_3_14,308-A,25
HISTÓRIA,GCH372_1,Horario_3_15,308-A,25
HISTÓRIA,GCH372_1,Horario_3_16,308-A,25
HISTÓRIA,GCH373_1,Horario_6_13,302-B,25
HISTÓRIA,GCH373_1,Horario_6_14,302-B,25
HISTÓRIA,GCH373_1,Horario_6_15,302-B,25
HISTÓRIA,GCH373_1,Horario_6_16,302-B,25
HISTÓRIA,GCH381_1,Horario_7_2,303-B,25
HISTÓRIA,GCH381_1,Horario_7_3,303-B,25
HISTÓRIA,GCH381_1,Horario_7_4,303-B,25
HISTÓRIA,GCH381_1,Horario_7_5,303-B,25
HISTÓRIA,GCH381_1,Horario_5_13,303-B,25
HISTÓRIA,GCH381_1,Horario_5_14,303-B,25
HISTÓRIA,GCH381_1,Horario_5_15,303-B,25
HISTÓRIA,GCH381_1,Horario_5_16,303-B,25
HISTÓRIA,GCH382_1,Horario_2_2,210-A,25
HISTÓRIA,GCH382_1,Horario_2_3,210-A,25
HISTÓRIA,GCH382_1,Horario_2_13,210-A,25
HISTÓRIA,GCH382_1,Horario_2_14,210-A,25
HISTÓRIA,GCH382_1,Horario_2_15,210-A,25
HISTÓRIA,GCH382_1,Horario_2_16,210-A,25
HISTÓRIA,GCH387_1,Horario_3_13,202-B,25
HISTÓRIA,GCH387_1,Horario_3_14,202-B,25
HISTÓRIA,GCH387_1,Horario_3_15,202-B,25
HISTÓRIA,GCH387_1,Horario_3_16,202-B,25
HISTÓRIA,GCH388_1,Horario_6_13,311-C,25
HISTÓRIA,GCH388_1,Horario_6_14,311-C,25
HISTÓRIA,GCH388_1,Horario_6_15,311-C,25
HISTÓRIA,GCH388_1,Horario_6_16,311-C,25
HISTÓRIA,GCH389_1,Horario_2_13,208-A,25
HISTÓRIA,GCH389_1,Horario_2_14,208-A,25
HISTÓRIA,GCH389_1,Horario_2_15,208-A,25
HISTÓRIA,GCH389_1,Horario_2_16,208-A,25
HISTÓRIA,GCH390_1,Horario_5_1,201-A,25
HISTÓRIA,GCH390_1,Horario_5_2,201-A,25
HISTÓRIA,GCH390_1,Horario_5_3,201-A,25
HISTÓRIA,GCH390_1,Horario_5_4,201-A,25
HISTÓRIA,GCH390_1,Horario_5_5,201-A,25
HISTÓRIA,GCH390_1,Horario_5_13,201-A,25
HISTÓRIA,GCH390_1,Horario_5_14,201-A,25
HISTÓRIA,GCH390_1,Horario_5_15,201-A,25
HISTÓRIA,GCH390_1,Horario_5_16,201-A,25
HISTÓRIA,GCH459_1,Horario_4_13,313-C,25
HISTÓRIA,GCH459_1,Horario_4_14,313-C,25
HISTÓRIA,GCH459_1,Horario_4_15,313-C,25
HISTÓRIA,GCH459_1,Horario_4_16,313-C,25
HISTÓRIA,GCH467_1,Horario_4_13,MINIAUDITÓRIO-C,5
HISTÓRIA,GCH467_1,Horario_4_14,MINIAUDITÓRIO-C,5
HISTÓRIA,GCH467_1,Horario_4_15,MINIAUDITÓRIO-C,5
HISTÓRIA,GCH467_1,Horario_4_16,MINIAUDITÓRIO-C,5
HISTÓRIA,GLA108_1,Horario_3_13,203-A,25
HISTÓRIA,GLA108_1,Horario_3_14,203-A,25
HISTÓRIA,GLA108_1,Horario_3_15,203-A,25
HISTÓRIA,GLA108_1,Horario_3_16,203-A,25
LETRAS,GCH1031_2,Horario_4_13,208-B,25
LETRAS,GCH1031_2,Horario_4_14,208-B,25
LETRAS,GCH1031_2,Horario_4_15,208-B,25
LETRAS,GCH1031_2,Horario_4_16,208-B,25
LETRAS,GCH290_14,Horario_3_13,208-A,25
LETRAS,GCH290_14,Horario_3_14,208-A,25
LETRAS,GCH290_14,Horario_3_15,208-A,25
LETRAS,GCH290_14,Horario_3_16,208-A,25
LETRAS,GCH293_5,Horario_5_13,201-B,25
LETRAS,GCH293_5,Horario_5_14,201-B,25
LETRAS,GCH293_5,Horario_5_15,201-B,25
LETRAS,GCH293_5,Horario_5_16,201-B,25
LETRAS,GCS238_4,Horario_2_13,209-B,25
LETRAS,GCS238_4,Horario_2_14,209-B,25
LETRAS,GCS238_4,Horario_2_15,209-B,25
LETRAS,GCS238_4,Horario_2_16,209-B,25
LETRAS,GLA041_1,Horario_4_7,205-A,25
LETRAS,GLA041_1,Horario_4_8,205-A,25
LETRAS,GLA041_1,Horario_4_9,205-A,25
LETRAS,GLA041_1,Horario_4_10,205-A,25
LETRAS,GLA041_1,Horario_4_13,205-A,25
LETRAS,GLA041_1,Horario_4_14,205-A,25
LETRAS,GLA041_1,Horario_4_15,205-A,25
LETRAS,GLA041_1,Horario_4_16,205-A,25
LETRAS,GLA041_1,Horario_5_13,205-A,25
LETRAS,GLA041_1,Horario_5_14,205-A,25
LETRAS,GLA041_1,Horario_5_15,205-A,25
LETRAS,GLA041_1,Horario_5_16,205-A,25
LETRAS,GLA043_1,Horario_2_13,302-B,25
LETRAS,GLA043_1,Horario_2_14,302-B,25
LETRAS,GLA043_1,Horario_2_15,302-B,25
LETRAS,GLA043_1,Horario_2_16,302-B,25
LETRAS,GLA054_1,Horario_3_7,301-A,25
LETRAS,GLA054_1,Horario_3_8,301-A,25
LETRAS,GLA054_1,Horario_3_9,301-A,25
LETRAS,GLA054_1,Horario_3_10,301-A,25
LETRAS,GLA059_1,Horario_6_13,301-B,25
LETRAS,GLA059_1,Horario_6_14,301-B,25
LETRAS,GLA059_1,Horario_6_15,301-B,25
LETRAS,GLA059_1,Horario_6_16,301-B,25
LETRAS,GLA061_1,Horario_3_7,201-A,25
LETRAS,GLA061_1,Horario_3_8,201-A,25
LETRAS,GLA061_1,Horario_3_9,201-A,25
LETRAS,GLA061_1,Horario_3_10,201-A,25
LETRAS,GLA061_1,Horario_3_11,201-A,25
LETRAS,GLA061_1,Horario_3_12,201-A,25
LETRAS,GLA104_5,Horario_4_7,201-B,25
LETRAS,GLA104_5,Horario_4_8,201-B,25
LETRAS,GLA104_5,Horario_4_9,201-B,25
LETRAS,GLA104_5,Horario_4_10,201-B,25
LETRAS,GLA104_5,Horario_4_11,201-B,25
LETRAS,GLA168_1,Horario_7_2,201-B,25
LETRAS,GLA168_1,Horario_7_3,201-B,25
LETRAS,GLA168_1,Horario_7_4,201-B,25
LETRAS,GLA168_1,Horario_7_5,201-B,25
LETRAS,GLA168_1,Horario_4_13,201-B,25
LETRAS,GLA168_1,Horario_4_14,201-B,25
LETRAS,GLA168_1,Horario_4_15,201-B,25
LETRAS,GLA168_1,Horario_4_16,201-B,25
LETRAS,GLA358_1,Horario_7_1,209-A,25
LETRAS,GLA358_1,Horario_7_2,209-A,25
LETRAS,GLA358_1,Horario_7_3,209-A,25
LETRAS,GLA358_1,Horario_7_4,209-A,25
LETRAS,GLA358_1,Horario_7_5,209-A,25
LETRAS,GLA358_1,Horario_7_6,209-A,25
LETRAS,GLA358_1,Horario_3_13,209-A,25
LETRAS,GLA358_1,Horario_3_14,209-A,25
LETRAS,GLA358_1,Horario_3_15,209-A,25
LETRAS,GLA358_1,Horario_3_16,209-A,25
LETRAS,GLA358_1,Horario_4_13,209-A,25
LETRAS,GLA358_1,Horario_4_14,209-A,25
LETRAS,GLA358_1,Horario_4_15,209-A,25
LETRAS,GLA358_1,Horario_4_16,209-A,25
LETRAS,GLA359_1,Horario_4_13,206-B,25
LETRAS,GLA359_1,Horario_4_14,206-B,25
LETRAS,GLA359_1,Horario_4_15,206-B,25
LETRAS,GLA359_1,Horario_4_16,206-B,25
LETRAS,GLA360_1,Horario_6_13,304-B,25
LETRAS,GLA360_1,Horario_6_14,304-B,25
LETRAS,GLA360_1,Horario_6_15,304-B,25
LETRAS,GLA360_1,Horario_6_16,304-B,25
LETRAS,GLA364_1,Horario_6_13,306-A,75
LETRAS,GLA364_1,Horario_6_14,306-A,75
LETRAS,GLA364_1,Horario_6_15,306-A,75
LETRAS,GLA364_1,Horario_6_16,306-A,75
LETRAS,GLA365_1,Horario_2_13,301-A,25
LETRAS,GLA365_1,Horario_2_14,301-A,25
LETRAS,GLA365_1,Horario_2_15,301-A,25
LETRAS,GLA365_1,Horario_2_16,301-A,25
LETRAS,GLA366_1,Horario_4_13,206-A,25
LETRAS,GLA366_1,Horario_4_14,206-A,25
LETRAS,GLA366_1,Horario_4_15,206-A,25
LETRAS,GLA366_1,Horario_4_16,206-A,25
LETRAS,GLA367_1,Horario_2_13,105-C,80
LETRAS,GLA367_1,Horario_2_14,105-C,80
LETRAS,GLA367_1,Horario_2_15,105-C,80
LETRAS,GLA367_1,Horario_2_16,105-C,80
LETRAS,GLA368_1,Horario_5_13,204-B,25
LETRAS,GLA368_1,Horario_5_14,204-B,25
LETRAS,GLA368_1,Horario_5_15,204-B,25
LETRAS,GLA368_1,Horario_5_16,204-B,25
LETRAS,GLA373_1,Horario_7_1,304-A,25
LETRAS,GLA373_1,Horario_7_2,304-A,25
LETRAS,GLA373_1,Horario_7_3,304-A,25
LETRAS,GLA373_1,Horario_7_4,304-A,25
LETRAS,GLA373_1,Horario_7_5,304-A,25
LETRAS,GLA373_1,Horario_7_7,304-A,25
LETRAS,GLA373_1,Horario_7_8,304-A,25
LETRAS,GLA373_1,Horario_7_9,304-A,25
LETRAS,GLA373_1,Horario_7_10,304-A,25
LETRAS,GLA373_1,Horario_6_13,304-A,25
LETRAS,GLA373_1,Horario_6_14,304-A,25
LETRAS,GLA373_1,Horario_6_15,304-A,25
LETRAS,GLA373_1,Horario_6_16,304-A,25
LETRAS,GLA374_1,Horario_2_11,201-A,25
LETRAS,GLA374_1,Horario_2_12,201-A,25
LETRAS,GLA374_1,Horario_2_13,201-A,25
LETRAS,GLA374_1,Horario_2_14,201-A,25
LETRAS,GLA374_1,Horario_2_15,201-A,25
LETRAS,GLA374_1,Horario_2_16,201-A,25
LETRAS,GLA375_1,Horario_2_13,207-A,25
LETRAS,GLA375_1,Horario_2_14,207-A,25
LETRAS,GLA375_1,Horario_2_15,207-A,25
LETRAS,GLA375_1,Horario_2_16,207-A,25
LETRAS,GLA376_1,Horario_6_13,302-C,25
LETRAS,GLA376_1,Horario_6_14,302-C,25
LETRAS,GLA376_1,Horario_6_15,302-C,25
LETRAS,GLA376_1,Horario_6_16,302-C,25
LETRAS,GLA377_1,Horario_5_13,203-B,25
LETRAS,GLA377_1,Horario_5_14,203-B,25
LETRAS,GLA377_1,Horario_5_15,203-B,25
LETRAS,GLA377_1,Horario_5_16,203-B,25
LETRAS,GLA378_1,Horario_3_13,202-A,25
LETRAS,GLA378_1,Horario_3_14,202-A,25
LETRAS,GLA378_1,Horario_3_15,202-A,25
LETRAS,GLA378_1,Horario_3_16,202-A,25
LETRAS,GLA387_1,Horario_6_13,209-A,25
LETRAS,GLA387_1,Horario_6_14,209-A,25
LETRAS,GLA387_1,Horario_6_15,209-A,25
LETRAS,GLA387_1,Horario_6_16,209-A,25
LETRAS,GLA388_1,Horario_3_13,408-A,1
LETRAS,GLA388_1,Horario_3_14,408-A,1
LETRAS,GLA388_1,Horario_3_15,408-A,1
LETRAS,GLA388_1,Horario_3_16,408-A,1
LETRAS,GLA389_1,Horario_3_13,207-A,25
LETRAS,GLA389_1,Horario_3_14,207-A,25
LETRAS,GLA389_1,Horario_3_15,207-A,25
LETRAS,GLA389_1,Horario_3_16,207-A,25
LETRAS,GLA390_1,Horario_4_13,301-B,25
LETRAS,GLA390_1,Horario_4_14,301-B,25
LETRAS,GLA390_1,Horario_4_15,301-B,25
LETRAS,GLA390_1,Horario_4_16,301-B,25
LETRAS,GLA391_1,Horario_2_13,301-C,25
LETRAS,GLA391_1,Horario_2_14,301-C,25
LETRAS,GLA391_1,Horario_2_15,301-C,25
LETRAS,GLA391_1,Horario_2_16,301-C,25
LETRAS,GLA392_1,Horario_5_13,208-A,25
LETRAS,GLA392_1,Horario_5_14,208-A,25
LETRAS,GLA392_1,Horario_5_15,208-A,25
LETRAS,GLA392_1,Horario_5_16,208-A,25
LETRAS,GLA528_1,Horario_5_13,205-B,25
LETRAS,GLA528_1,Horario_5_14,205-B,25
LETRAS,GLA528_1,Horario_5_15,205-B,25
LETRAS,GLA528_1,Horario_5_16,205-B,25
LETRAS,GLA552_1,Horario_2_7,208-A,25
LETRAS,GLA552_1,Horario_2_8,208-A,25
LETRAS,GLA552_1,Horario_2_9,208-A,25
LETRAS,GLA552_1,Horario_2_10,208-A,25
LETRAS,GLA552_1,Horario_2_11,208-A,25
LETRAS,GLA552_1,Horario_3_7,208-A,25
LETRAS,GLA552_1,Horario_3_8,208-A,25
LETRAS,GLA552_1,Horario_3_9,208-A,25
LETRAS,GLA552_1,Horario_3_10,208-A,25
LETRAS,GLA552_1,Horario_4_7,208-A,25
LETRAS,GLA552_1,Horario_4_8,208-A,25
LETRAS,GLA552_1,Horario_4_9,208-A,25
LETRAS,GLA552_1,Horario_4_10,208-A,25
LETRAS,GLA552_1,Horario_5_7,208-A,25
LETRAS,GLA552_1,Horario_5_8,208-A,25
LETRAS,GLA552_1,Horario_5_9,208-A,25
LETRAS,GLA552_1,Horario_5_10,208-A,25
LETRAS,GLA552_1,Horario_6_7,208-A,25
LETRAS,GLA552_1,Horario_6_8,208-A,25
LETRAS,GLA552_1,Horario_6_9,208-A,25
LETRAS,GLA552_1,Horario_6_10,208-A,25
LETRAS - PIN,GCH293_4,Horario_4_13,LAB-HIDRO-C,5
LETRAS - PIN,GCH293_4,Horario_4_14,LAB-HIDRO-C,5
LETRAS - PIN,GCH293_4,Horario_4_15,LAB-HIDRO-C,5
LETRAS - PIN,GCH293_4,Horario_4_16,LAB-HIDRO-C,5
LETRAS - PIN,GCS011_1,Horario_2_7,201-B,25
LETRAS - PIN,GCS011_1,Horario_2_8,201-B,25
LETRAS - PIN,GCS011_1,Horario_2_9,201-B,25
LETRAS - PIN,GCS011_1,Horario_2_10,201-B,25
LETRAS - PIN,GCS239_10,Horario_3_13,305-B,25
LETRAS - PIN,GCS239_10,Horario_3_14,305-B,25
LETRAS - PIN,GCS239_10,Horario_3_15,305-B,25
LETRAS - PIN,GCS239_10,Horario_3_16,305-B,25
LETRAS - PIN,GEX006_2,Horario_5_13,206-B,25
LETRAS - PIN,GEX006_2,Horario_5_14,206-B,25
LETRAS - PIN,GEX006_2,Horario_5_15,206-B,25
LETRAS - PIN,GEX006_2,Horario_5_16,206-B,25
LETRAS - PIN,GEX212_3,Horario_2_13,205-A,25
LETRAS - PIN,GEX212_3,Horario_2_14,205-A,25
LETRAS - PIN,GEX212_3,Horario_2_15,205-A,25
LETRAS - PIN,GEX212_3,Horario_2_16,205-A,25
LETRAS - PIN,GLA004_3,Horario_4_13,309-A,25
LETRAS - PIN,GLA004_3,Horario_4_14,309-A,25
LETRAS - PIN,GLA004_3,Horario_4_15,309-A,25
LETRAS - PIN,GLA004_3,Horario_4_16,309-A,25
LETRAS - PROIMIGRANTE,GLA004_2,Horario_4_7,206-B,25
LETRAS - PROIMIGRANTE,GLA004_2,Horario_4_8,206-B,25
LETRAS - PROIMIGRANTE,GLA004_2,Horario_4_9,206-B,25
LETRAS - PROIMIGRANTE,GLA004_2,Horario_4_10,206-B,25
MATEMÁTICA,GCH293_7,Horario_3_13,301-C,25
MATEMÁTICA,GCH293_7,Horario_3_14,301-C,25
MATEMÁTICA,GCH293_7,Horario_3_15,301-C,25
MATEMÁTICA,GCH293_7,Horario_3_16,301-C,25
MATEMÁTICA,GEX1000_1,Horario_5_13,305-B,25
MATEMÁTICA,GEX1000_1,Horario_5_14,305-B,25
MATEMÁTICA,GEX1000_1,Horario_5_15,305-B,25
MATEMÁTICA,GEX1000_1,Horario_5_16,305-B,25
MATEMÁTICA,GEX209_1,Horario_5_13,309-A,25
MATEMÁTICA,GEX209_1,Horario_5_14,309-A,25
MATEMÁTICA,GEX209_1,Horario_5_15,309-A,25
MATEMÁTICA,GEX209_1,Horario_5_16,309-A,25
MATEMÁTICA,GEX509_1,Horario_4_13,408-A,1
MATEMÁTICA,GEX509_1,Horario_4_14,408-A,1
MATEMÁTICA,GEX509_1,Horario_4_15,408-A,1
MATEMÁTICA,GEX509_1,Horario_4_16,408-A,1
MATEMÁTICA,GEX970_1,Horario_2_13,304-B,25
MATEMÁTICA,GEX970_1,Horario_2_14,304-B,25
MATEMÁTICA,GEX970_1,Horario_2_15,304-B,25
MATEMÁTICA,GEX970_1,Horario_2_16,304-B,25
MATEMÁTICA,GEX971_1,Horario_6_13,205-B,25
MATEMÁTICA,GEX971_1,Horario_6_14,205-B,25
MATEMÁTICA,GEX971_1,Horario_6_15,205-B,25
MATEMÁTICA,GEX971_1,Horario_6_16,205-B,25
MATEMÁTICA,GEX976_1,Horario_6_13,207-B,25
MATEMÁTICA,GEX976_1,Horario_6_14,207-B,25
MATEMÁTICA,GEX976_1,Horario_6_15,207-B,25
MATEMÁTICA,GEX976_1,Horario_6_16,207-B,25
MATEMÁTICA,GEX977_1,Horario_5_13,210-A,25
MATEMÁTICA,GEX977_1,Horario_5_14,210-A,25
MATEMÁTICA,GEX977_1,Horario_5_15,210-A,25
MATEMÁTICA,GEX977_1,Horario_5_16,210-A,25
MATEMÁTICA,GEX978_1,Horario_3_13,303-B,25
MATEMÁTICA,GEX978_1,Horario_3_14,303-B,25
MATEMÁTICA,GEX978_1,Horario_3_15,303-B,25
MATEMÁTICA,GEX978_1,Horario_3_16,303-B,25
MATEMÁTICA,GEX979_1,Horario_2_13,301-B,25
MATEMÁTICA,GEX979_1,Horario_2_14,301-B,25
MATEMÁTICA,GEX979_1,Horario_2_15,301-B,25
MATEMÁTICA,GEX979_1,Horario_2_16,301-B,25
MATEMÁTICA,GEX984_1,Horario_2_13,303-B,25
MATEMÁTICA,GEX984_1,Horario_2_14,303-B,25
MATEMÁTICA,GEX984_1,Horario_2_15,303-B,25
MATEMÁTICA,GEX984_1,Horario_2_16,303-B,25
MATEMÁTICA,GEX985_1,Horario_4_13,305-B,25
MATEMÁTICA,GEX985_1,Horario_4_14,305-B,25
MATEMÁTICA,GEX985_1,Horario_4_15,305-B,25
MATEMÁTICA,GEX985_1,Horario_4_16,305-B,25
MATEMÁTICA,GEX990_1,Horario_2_7,407-A,1
MATEMÁTICA,GEX990_1,Horario_2_8,407-A,1
MATEMÁTICA,GEX990_1,Horario_2_9,407-A,1
MATEMÁTICA,GEX990_1,Horario_2_10,407-A,1
MATEMÁTICA,GEX990_1,Horario_3_13,407-A,1
MATEMÁTICA,GEX990_1,Horario_3_14,407-A,1
MATEMÁTICA,GEX990_1,Horario_3_15,407-A,1
MATEMÁTICA,GEX990_1,Horario_3_16,407-A,1
MATEMÁTICA,GEX991_1,Horario_4_13,407-A,1
MATEMÁTICA,GEX991_1,Horario_4_14,407-A,1
MATEMÁTICA,GEX991_1,Horario_4_15,407-A,1
MATEMÁTICA,GEX991_1,Horario_4_16,407-A,1
MATEMÁTICA,GEX992_1,Horario_6_13,313-C,25
MATEMÁTICA,GEX992_1,Horario_6_14,313-C,25
MATEMÁTICA,GEX992_1,Horario_6_15,313-C,25
MATEMÁTICA,GEX992_1,Horario_6_16,313-C,25
MATEMÁTICA,GEX993_1,Horario_2_13,306-A,75
MATEMÁTICA,GEX993_1,Horario_2_14,306-A,75
MATEMÁTICA,GEX993_1,Horario_2_15,306-A,75
MATEMÁTICA,GEX993_1,Horario_2_16,306-A,75
MATEMÁTICA,GEX994_1,Horario_2_13,307-A,25
MATEMÁTICA,GEX994_1,Horario_2_14,307-A,25
MATEMÁTICA,GEX994_1,Horario_2_15,307-A,25
MATEMÁTICA,GEX994_1,Horario_2_16,307-A,25
MEDICINA,GCH290_13,Horario_5_1,302-A,25
MEDICINA,GCH290_13,Horario_5_2,302-A,25
MEDICINA,GCH290_13,Horario_5_3,302-A,25
MEDICINA,GCH290_13,Horario_5_4,302-A,25
MEDICINA,GCH290_13,Horario_5_5,302-A,25
MEDICINA,GCH293_8,Horario_2_7,303-A,25
MEDICINA,GCH293_8,Horario_2_8,303-A,25
MEDICINA,GCH293_8,Horario_2_9,303-A,25
MEDICINA,GCH293_8,Horario_2_10,303-A,25
MEDICINA,GCS239_11,Horario_5_1,304-A,25
MEDICINA,GCS239_11,Horario_5_2,304-A,25
MEDICINA,GCS239_11,Horario_5_3,304-A,25
MEDICINA,GCS239_11,Horario_5_4,304-A,25
MEDICINA,GCS239_11,Horario_5_5,304-A,25
MEDICINA,GLA104_8,Horario_6_13,302-A,25
MEDICINA,GLA104_8,Horario_6_14,302-A,25
MEDICINA,GLA104_8,Horario_6_15,302-A,25
MEDICINA,GLA104_8,Horario_6_16,302-A,25
MEDICINA,GLA192_1,Horario_4_13,302-A,25
MEDICINA,GLA192_1,Horario_4_14,302-A,25
MEDICINA,GLA192_1,Horario_4_15,302-A,25
MEDICINA,GLA192_1,Horario_4_16,302-A,25
MEDICINA,GSA140_1,Horario_2_4,303-A,25
MEDICINA,GSA140_1,Horario_2_5,303-A,25
MEDICINA,GSA140_1,Horario_4_2,303-A,25
MEDICINA,GSA140_1,Horario_4_3,303-A,25
MEDICINA,GSA140_1,Horario_4_4,303-A,25
MEDICINA,GSA140_1,Horario_4_5,303-A,25
MEDICINA,GSA142_1,Horario_3_7,303-A,25
MEDICINA,GSA142_1,Horario_3_8,303-A,25
MEDICINA,GSA142_1,Horario_3_9,303-A,25
MEDICINA,GSA142_1,Horario_3_10,303-A,25
MEDICINA,GSA142_1,Horario_3_11,303-A,25
MEDICINA,GSA142_1,Horario_5_7,303-A,25
MEDICINA,GSA142_1,Horario_5_8,303-A,25
MEDICINA,GSA142_1,Horario_5_9,303-A,25
MEDICINA,GSA142_1,Horario_5_10,303-A,25
MEDICINA,GSA143_1,Horario_6_7,302-A,25
MEDICINA,GSA143_1,Horario_6_8,302-A,25
MEDICINA,GSA167_1,Horario_3_9,302-A,25
MEDICINA,GSA167_1,Horario_3_10,302-A,25
MEDICINA,GSA167_1,Horario_3_11,302-A,25
MEDICINA,GSA167_1,Horario_5_7,302-A,25
MEDICINA,GSA167_1,Horario_5_8,302-A,25
MEDICINA,GSA167_1,Horario_5_9,302-A,25
MEDICINA,GSA167_1,Horario_5_10,302-A,25
MEDICINA,GSA168_1,Horario_2_1,304-A,25
MEDICINA,GSA168_1,Horario_2_2,304-A,25
MEDICINA,GSA168_1,Horario_2_3,304-A,25
MEDICINA,GSA168_1,Horario_2_4,304-A,25
MEDICINA,GSA168_1,Horario_2_5,304-A,25
MEDICINA,GSA168_1,Horario_5_2,105-C,80
MEDICINA,GSA168_1,Horario_5_3,105-C,80
MEDICINA,GSA168_1,Horario_5_4,105-C,80
MEDICINA,GSA168_1,Horario_5_5,105-C,80
MEDICINA,GSA169_1,Horario_4_7,302-A,25
MEDICINA,GSA169_1,Horario_4_8,302-A,25
MEDICINA,GSA169_1,Horario_4_9,302-A,25
MEDICINA,GSA169_1,Horario_4_10,302-A,25
MEDICINA,GSA171_1,Horario_4_2,302-A,25
MEDICINA,GSA171_1,Horario_4_3,302-A,25
MEDICINA,GSA171_1,Horario_4_4,302-A,25
MEDICINA,GSA171_1,Horario_4_5,302-A,25
MEDICINA,GSA186_1,Horario_6_4,302-A,25
MEDICINA,GSA186_1,Horario_6_5,302-A,25
MEDICINA,GSA188_1,Horario_2_8,207-A,25
MEDICINA,GSA188_1,Horario_2_9,207-A,25
MEDICINA,GSA188_1,Horario_4_7,207-A,25
MEDICINA,GSA188_1,Horario_4_8,207-A,25
MEDICINA,GSA188_1,Horario_4_9,207-A,25
MEDICINA,GSA188_1,Horario_4_10,207-A,25
MEDICINA,GSA189_1,Horario_5_1,303-A,25
MEDICINA,GSA189_1,Horario_5_2,303-A,25
MEDICINA,GSA189_1,Horario_5_3,303-A,25
MEDICINA,GSA189_1,Horario_5_4,303-A,25
MEDICINA,GSA189_1,Horario_5_5,303-A,25
MEDICINA,GSA189_1,Horario_6_7,303-A,25
MEDICINA,GSA189_1,Horario_6_8,303-A,25
MEDICINA,GSA189_1,Horario_6_9,303-A,25
MEDICINA,GSA189_1,Horario_6_10,303-A,25
MEDICINA,GSA190_1,Horario_5_7,304-A,25
MEDICINA,GSA190_1,Horario_5_8,304-A,25
MEDICINA,GSA190_1,Horario_5_13,304-A,25
MEDICINA,GSA191_1,Horario_3_2,207-A,25
MEDICINA,GSA191_1,Horario_3_3,207-A,25
MEDICINA,GSA191_1,Horario_3_4,207-A,25
MEDICINA,GSA191_1,Horario_3_5,207-A,25
MEDICINA,GSA191_1,Horario_3_7,207-A,25
MEDICINA,GSA191_1,Horario_3_8,207-A,25
MEDICINA,GSA192_1,Horario_6_2,304-A,25
MEDICINA,GSA192_1,Horario_6_3,304-A,25
MEDICINA,GSA192_1,Horario_6_4,304-A,25
MEDICINA,GSA192_1,Horario_6_5,304-A,25
MEDICINA,GSA192_1,Horario_4_13,304-A,25
MEDICINA,GSA192_1,Horario_4_14,304-A,25
MEDICINA,GSA193_1,Horario_2_1,303-A,25
MEDICINA,GSA193_1,Horario_2_2,206-B,25
MEDICINA,GSA193_1,Horario_2_3,206-B,25
MEDICINA,GSA193_1,Horario_2_4,206-B,25
MEDICINA,GSA193_1,Horario_2_5,206-B,25
MEDICINA,GSA193_1,Horario_2_7,206-B,25
MEDICINA,GSA213_1,Horario_2_2,302-A,25
MEDICINA,GSA213_1,Horario_2_3,302-A,25
MEDICINA,GSA213_1,Horario_2_4,302-A,25
MEDICINA,GSA213_1,Horario_2_5,302-A,25
MEDICINA,GSA213_1,Horario_3_15,302-A,25
MEDICINA,GSA213_1,Horario_3_16,302-A,25
MEDICINA,GSA214_1,Horario_3_2,304-A,25
MEDICINA,GSA214_1,Horario_3_3,304-A,25
MEDICINA,GSA214_1,Horario_3_4,304-A,25
MEDICINA,GSA214_1,Horario_3_5,304-A,25
MEDICINA,GSA214_1,Horario_3_7,304-A,25
MEDICINA,GSA214_1,Horario_3_8,304-A,25
MEDICINA,GSA215_1,Horario_4_7,304-A,25
MEDICINA,GSA215_1,Horario_4_8,304-A,25
MEDICINA,GSA215_1,Horario_4_9,304-A,25
MEDICINA,GSA215_1,Horario_4_10,304-A,25
MEDICINA,GSA215_1,Horario_4_11,304-A,25
MEDICINA,GSA215_1,Horario_6_7,304-A,25
MEDICINA,GSA215_1,Horario_6_8,304-A,25
MEDICINA,GSA215_1,Horario_6_9,304-A,25
MEDICINA,GSA215_1,Horario_6_10,304-A,25
MEDICINA,GSA215_1,Horario_6_11,304-A,25
MEDICINA,GSA216_1,Horario_5_11,302-A,25
MEDICINA,GSA216_1,Horario_5_13,302-A,25
MEDICINA,GSA216_1,Horario_5_14,302-A,25
MEDICINA,GSA216_1,Horario_5_7,308-A,25
MEDICINA,GSA216_1,Horario_5_8,308-A,25
MEDICINA,GSA216_1,Horario_5_9,308-A,25
MEDICINA,GSA216_1,Horario_5_10,308-A,25
MEDICINA,GSA217_1,Horario_2_7,304-A,25
MEDICINA,GSA217_1,Horario_2_8,304-A,25
MEDICINA,GSA217_1,Horario_2_9,304-A,25
MEDICINA,GSA217_1,Horario_2_10,304-A,25
MEDICINA,GSA217_1,Horario_2_11,304-A,25
MEDICINA,GSA217_1,Horario_2_12,304-A,25
MEDICINA,GSA268_1,Horario_6_9,302-A,25
MEDICINA,GSA271_1,Horario_2_2,303-A,25
MEDICINA,GSA271_1,Horario_2_3,303-A,25
MEDICINA,GSA271_1,Horario_3_2,303-A,25
MEDICINA,GSA271_1,Horario_3_3,303-A,25
MEDICINA,GSA271_1,Horario_3_4,303-A,25
MEDICINA,GSA271_1,Horario_3_5,303-A,25
MEDICINA,GSA271_1,Horario_6_2,303-A,25
MEDICINA,GSA271_1,Horario_6_3,303-A,25
MEDICINA,GSA271_1,Horario_6_4,303-A,25
MEDICINA,GSA271_1,Horario_6_5,303-A,25
MEDICINA,GSA271_1,Horario_4_7,303-A,25
MEDICINA,GSA271_1,Horario_4_8,303-A,25
MEDICINA,GSA271_1,Horario_4_9,303-A,25
MEDICINA,GSA271_1,Horario_4_10,303-A,25
MEDICINA,GSA280_1,Horario_3_1,302-A,25
MEDICINA,GSA280_1,Horario_3_2,302-A,25
MEDICINA,GSA280_1,Horario_3_3,302-A,25
MEDICINA,GSA280_1,Horario_3_4,302-A,25
MEDICINA,GSA280_1,Horario_3_5,302-A,25
MEDICINA,GSA280_1,Horario_2_7,302-A,25
MEDICINA,GSA280_1,Horario_2_8,302-A,25
MEDICINA,GSA280_1,Horario_2_9,302-A,25
MEDICINA,GSA280_1,Horario_3_7,302-A,25
MEDICINA,GSA280_1,Horario_3_8,302-A,25
MEDICINA,GSA281_1,Horario_5_13,303-A,25
MEDICINA,GSA281_1,Horario_5_14,303-A,25
MEDICINA,GSA283_1,Horario_5_9,304-A,25
MEDICINA,GSA283_1,Horario_5_10,304-A,25
MEDICINA,GSA283_1,Horario_5_11,304-A,25
MEDICINA,GSA283_1,Horario_5_12,304-A,25
MEDICINA,GSA283_1,Horario_5_14,304-A,25
MEDICINA,GSA284_1,Horario_3_9,304-A,25
MEDICINA,GSA287_1,Horario_4_2,304-A,25
MEDICINA,GSA296_1,Horario_2_11,302-A,25
MEDICINA,GSA296_1,Horario_2_12,302-A,25
MEDICINA,GSA296_1,Horario_2_13,302-A,25
MEDICINA,GSA296_1,Horario_2_14,302-A,25
MEDICINA,GSA296_1,Horario_2_15,302-A,25
MEDICINA,GSA296_1,Horario_2_16,302-A,25
MEDICINA,GSA299_1,Horario_2_11,303-A,25
MEDICINA,GSA299_1,Horario_2_12,303-A,25
MEDICINA,GSA299_1,Horario_2_13,303-A,25
MEDICINA,GSA299_1,Horario_2_14,303-A,25
MEDICINA,GSA299_1,Horario_2_15,303-A,25
MEDICINA,GSA299_1,Horario_2_16,303-A,25
PEDAGOGIA,GCH1035_1,Horario_5_13,203-A,25
PEDAGOGIA,GCH1035_1,Horario_5_14,203-A,25
PEDAGOGIA,GCH1035_1,Horario_5_15,203-A,25
PEDAGOGIA,GCH1035_1,Horario_5_16,203-A,25
PEDAGOGIA,GCH1036_1,Horario_2_13,210-B,25
PEDAGOGIA,GCH1036_1,Horario_2_14,210-B,25
PEDAGOGIA,GCH1036_1,Horario_2_15,210-B,25
PEDAGOGIA,GCH1036_1,Horario_2_16,210-B,25
PEDAGOGIA,GCH1037_1,Horario_4_1,301-A,25
PEDAGOGIA,GCH1037_1,Horario_4_2,301-A,25
PEDAGOGIA,GCH1037_1,Horario_4_3,301-A,25
PEDAGOGIA,GCH1037_1,Horario_4_4,301-A,25
PEDAGOGIA,GCH1038_1,Horario_3_1,204-A,25
PEDAGOGIA,GCH1038_1,Horario_3_2,204-A,25
PEDAGOGIA,GCH1038_1,Horario_3_3,204-A,25
PEDAGOGIA,GCH1038_1,Horario_3_4,204-A,25
PEDAGOGIA,GCH1039_1,Horario_3_1,207-B,25
PEDAGOGIA,GCH1039_1,Horario_3_2,207-B,25
PEDAGOGIA,GCH1039_1,Horario_3_3,207-B,25
PEDAGOGIA,GCH1039_1,Horario_3_4,207-B,25
PEDAGOGIA,GCH1086_1,Horario_2_13,407-A,1
PEDAGOGIA,GCH1086_1,Horario_2_14,407-A,1
PEDAGOGIA,GCH1086_1,Horario_2_15,407-A,1
PEDAGOGIA,GCH1086_1,Horario_2_16,407-A,1
PEDAGOGIA,GCH1087_1,Horario_3_13,206-A,25
PEDAGOGIA,GCH1087_1,Horario_3_14,206-A,25
PEDAGOGIA,GCH1087_1,Horario_3_15,206-A,25
PEDAGOGIA,GCH1087_1,Horario_3_16,206-A,25
PEDAGOGIA,GCH1088_1,Horario_6_13,220-C,25
PEDAGOGIA,GCH1088_1,Horario_6_14,220-C,25
PEDAGOGIA,GCH1088_1,Horario_6_15,220-C,25
PEDAGOGIA,GCH1088_1,Horario_6_16,220-C,25
PEDAGOGIA,GCH1099_1,Horario_6_13,105-C,80
PEDAGOGIA,GCH1099_1,Horario_6_14,105-C,80
PEDAGOGIA,GCH1099_1,Horario_6_15,105-C,80
PEDAGOGIA,GCH1099_1,Horario_6_16,105-C,80
PEDAGOGIA,GCH1100_1,Horario_2_13,408-A,1
PEDAGOGIA,GCH1100_1,Horario_2_14,408-A,1
PEDAGOGIA,GCH1100_1,Horario_2_15,408-A,1
PEDAGOGIA,GCH1100_1,Horario_2_16,408-A,1
PEDAGOGIA,GCH1102_1,Horario_2_1,205-A,25
PEDAGOGIA,GCH1102_1,Horario_2_2,205-A,25
PEDAGOGIA,GCH1102_1,Horario_2_3,205-A,25
PEDAGOGIA,GCH1102_1,Horario_2_4,205-A,25
PEDAGOGIA,GCH1103_1,Horario_5_1,LAB-EST-C,5
PEDAGOGIA,GCH1103_1,Horario_5_2,LAB-EST-C,5
PEDAGOGIA,GCH1103_1,Horario_5_3,LAB-EST-C,5
PEDAGOGIA,GCH1103_1,Horario_5_4,LAB-EST-C,5
PEDAGOGIA,GCH1104_1,Horario_4_1,306-A,75
PEDAGOGIA,GCH1104_1,Horario_4_2,306-A,75
PEDAGOGIA,GCH1104_1,Horario_4_3,306-A,75
PEDAGOGIA,GCH1104_1,Horario_4_4,306-A,75
PEDAGOGIA,GCH1105_1,Horario_4_1,205-B,25
PEDAGOGIA,GCH1105_1,Horario_4_2,205-B,25
PEDAGOGIA,GCH1105_1,Horario_4_3,205-B,25
PEDAGOGIA,GCH1105_1,Horario_4_4,205-B,25
PEDAGOGIA,GCH1106_1,Horario_2_1,204-A,25
PEDAGOGIA,GCH1106_1,Horario_2_2,204-A,25
PEDAGOGIA,GCH1106_1,Horario_2_3,204-A,25
PEDAGOGIA,GCH1106_1,Horario_2_4,204-A,25
PEDAGOGIA,GCH1107_1,Horario_5_13,302-C,25
PEDAGOGIA,GCH1107_1,Horario_5_14,302-C,25
PEDAGOGIA,GCH1107_1,Horario_5_15,302-C,25
PEDAGOGIA,GCH1107_1,Horario_5_16,302-C,25
PEDAGOGIA,GCH1108_1,Horario_6_13,305-A,25
PEDAGOGIA,GCH1108_1,Horario_6_14,305-A,25
PEDAGOGIA,GCH1108_1,Horario_6_15,305-A,25
PEDAGOGIA,GCH1108_1,Horario_6_16,305-A,25
PEDAGOGIA,GCH1109_1,Horario_6_13,210-A,25
PEDAGOGIA,GCH1109_1,Horario_6_14,210-A,25
PEDAGOGIA,GCH1109_1,Horario_6_15,210-A,25
PEDAGOGIA,GCH1109_1,Horario_6_16,210-A,25
PEDAGOGIA,GCH1110_1,Horario_4_13,208-A,25
PEDAGOGIA,GCH1110_1,Horario_4_14,208-A,25
PEDAGOGIA,GCH1110_1,Horario_4_15,208-A,25
PEDAGOGIA,GCH1110_1,Horario_4_16,208-A,25
PEDAGOGIA,GCH1111_1,Horario_3_13,220-C,25
PEDAGOGIA,GCH1111_1,Horario_3_14,220-C,25
PEDAGOGIA,GCH1111_1,Horario_3_15,220-C,25
PEDAGOGIA,GCH1111_1,Horario_3_16,220-C,25
PEDAGOGIA,GCH1112_1,Horario_3_1,307-A,25
PEDAGOGIA,GCH1112_1,Horario_3_2,307-A,25
PEDAGOGIA,GCH1112_1,Horario_3_3,307-A,25
PEDAGOGIA,GCH1112_1,Horario_3_4,307-A,25
PEDAGOGIA,GCH1113_1,Horario_6_1,207-A,25
PEDAGOGIA,GCH1113_1,Horario_6_2,207-A,25
PEDAGOGIA,GCH1113_1,Horario_6_3,207-A,25
PEDAGOGIA,GCH1113_1,Horario_6_4,207-A,25
PEDAGOGIA,GCH1113_1,Horario_6_5,207-A,25
PEDAGOGIA,GCH1114_1,Horario_5_1,305-A,25
PEDAGOGIA,GCH1114_1,Horario_5_2,305-A,25
PEDAGOGIA,GCH1114_1,Horario_5_3,305-A,25
PEDAGOGIA,GCH1114_1,Horario_5_4,305-A,25
PEDAGOGIA,GCH1114_1,Horario_5_5,305-A,25
PEDAGOGIA,GCH1115_1,Horario_5_1,209-B,25
PEDAGOGIA,GCH1115_1,Horario_5_2,209-B,25
PEDAGOGIA,GCH1115_1,Horario_5_3,209-B,25
PEDAGOGIA,GCH1115_1,Horario_5_4,209-B,25
PEDAGOGIA,GCH1115_1,Horario_5_5,209-B,25
PEDAGOGIA,GCH1116_1,Horario_6_1,309-A,25
PEDAGOGIA,GCH1116_1,Horario_6_2,309-A,25
PEDAGOGIA,GCH1116_1,Horario_6_3,309-A,25
PEDAGOGIA,GCH1116_1,Horario_6_4,309-A,25
PEDAGOGIA,GCH1117_1,Horario_7_2,204-A,25
PEDAGOGIA,GCH1117_1,Horario_7_3,204-A,25
PEDAGOGIA,GCH1117_1,Horario_7_4,204-A,25
PEDAGOGIA,GCH1117_1,Horario_7_5,204-A,25
PEDAGOGIA,GCH1117_1,Horario_7_7,204-A,25
PEDAGOGIA,GCH1117_1,Horario_7_8,204-A,25
PEDAGOGIA,GCH1117_1,Horario_7_9,204-A,25
PEDAGOGIA,GCH1117_1,Horario_7_10,204-A,25
PEDAGOGIA,GCH1117_1,Horario_4_13,204-A,25
PEDAGOGIA,GCH1117_1,Horario_4_14,204-A,25
PEDAGOGIA,GCH1117_1,Horario_4_15,204-A,25
PEDAGOGIA,GCH1117_1,Horario_4_16,204-A,25
PEDAGOGIA,GCH1118_1,Horario_3_13,205-A,25
PEDAGOGIA,GCH1118_1,Horario_3_14,205-A,25
PEDAGOGIA,GCH1118_1,Horario_3_15,205-A,25
PEDAGOGIA,GCH1118_1,Horario_3_16,205-A,25
PEDAGOGIA,GCH1119_1,Horario_5_13,209-B,25
PEDAGOGIA,GCH1119_1,Horario_5_14,209-B,25
PEDAGOGIA,GCH1119_1,Horario_5_15,209-B,25
PEDAGOGIA,GCH1119_1,Horario_5_16,209-B,25
PEDAGOGIA,GCH1120_1,Horario_4_13,204-B,25
PEDAGOGIA,GCH1120_1,Horario_4_14,204-B,25
PEDAGOGIA,GCH1120_1,Horario_4_15,204-B,25
PEDAGOGIA,GCH1120_1,Horario_4_16,204-B,25
PEDAGOGIA,GCH1121_1,Horario_7_1,204-B,25
PEDAGOGIA,GCH1121_1,Horario_7_2,204-B,25
PEDAGOGIA,GCH1121_1,Horario_7_3,204-B,25
PEDAGOGIA,GCH1121_1,Horario_7_4,204-B,25
PEDAGOGIA,GCH1122_1,Horario_6_1,207-B,25
PEDAGOGIA,GCH1122_1,Horario_6_2,207-B,25
PEDAGOGIA,GCH1122_1,Horario_6_3,207-B,25
PEDAGOGIA,GCH1122_1,Horario_6_4,207-B,25
PEDAGOGIA,GCH1122_1,Horario_6_5,207-B,25
PEDAGOGIA,GCH1123_1,Horario_3_1,306-A,75
PEDAGOGIA,GCH1123_1,Horario_3_2,306-A,75
PEDAGOGIA,GCH1123_1,Horario_3_3,306-A,75
PEDAGOGIA,GCH1123_1,Horario_3_4,306-A,75
PEDAGOGIA,GCH1124_1,Horario_5_1,202-A,25
PEDAGOGIA,GCH1124_1,Horario_5_2,202-A,25
PEDAGOGIA,GCH1124_1,Horario_5_3,202-A,25
PEDAGOGIA,GCH1124_1,Horario_5_4,202-A,25
PEDAGOGIA,GCH1124_1,Horario_5_5,202-A,25
PEDAGOGIA,GCH1125_1,Horario_4_1,202-B,25
PEDAGOGIA,GCH1125_1,Horario_4_2,202-B,25
PEDAGOGIA,GCH1125_1,Horario_4_3,202-B,25
PEDAGOGIA,GCH1125_1,Horario_4_4,202-B,25
PEDAGOGIA,GCH1126_1,Horario_6_1,408-A,1
PEDAGOGIA,GCH1126_1,Horario_6_2,408-A,1
PEDAGOGIA,GCH1126_1,Horario_6_3,408-A,1
PEDAGOGIA,GCH1126_1,Horario_6_4,408-A,1
PEDAGOGIA,GCH1127_1,Horario_6_13,210-B,25
PEDAGOGIA,GCH1127_1,Horario_6_14,210-B,25
PEDAGOGIA,GCH1127_1,Horario_6_15,210-B,25
PEDAGOGIA,GCH1127_1,Horario_6_16,210-B,25
PEDAGOGIA,GCH1128_1,Horario_7_2,304-B,25
PEDAGOGIA,GCH1128_1,Horario_7_3,304-B,25
PEDAGOGIA,GCH1128_1,Horario_7_4,304-B,25
PEDAGOGIA,GCH1128_1,Horario_7_5,304-B,25
PEDAGOGIA,GCH1128_1,Horario_7_7,304-B,25
PEDAGOGIA,GCH1128_1,Horario_7_8,304-B,25
PEDAGOGIA,GCH1128_1,Horario_7_9,304-B,25
PEDAGOGIA,GCH1128_1,Horario_7_10,304-B,25
PEDAGOGIA,GCH1128_1,Horario_3_13,304-B,25
PEDAGOGIA,GCH1128_1,Horario_3_14,304-B,25
PEDAGOGIA,GCH1128_1,Horario_3_15,304-B,25
PEDAGOGIA,GCH1128_1,Horario_3_16,304-B,25
PEDAGOGIA,GCH1129_1,Horario_4_13,LAB-EST-C,5
PEDAGOGIA,GCH1129_1,Horario_4_14,LAB-EST-C,5
PEDAGOGIA,GCH1129_1,Horario_4_15,LAB-EST-C,5
PEDAGOGIA,GCH1129_1,Horario_4_16,LAB-EST-C,5
PEDAGOGIA,GCH1130_1,Horario_2_13,208-B,25
PEDAGOGIA,GCH1130_1,Horario_2_14,208-B,25
PEDAGOGIA,GCH1130_1,Horario_2_15,208-B,25
PEDAGOGIA,GCH1130_1,Horario_2_16,208-B,25
PEDAGOGIA,GCH1131_1,Horario_3_13,303-A,25
PEDAGOGIA,GCH1131_1,Horario_3_14,303-A,25
PEDAGOGIA,GCH1131_1,Horario_3_15,303-A,25
PEDAGOGIA,GCH1131_1,Horario_3_16,303-A,25
PEDAGOGIA,GCH1132_1,Horario_6_1,203-B,25
PEDAGOGIA,GCH1132_1,Horario_6_2,203-B,25
PEDAGOGIA,GCH1132_1,Horario_6_3,203-B,25
PEDAGOGIA,GCH1132_1,Horario_6_4,203-B,25
PEDAGOGIA,GCH1133_1,Horario_2_1,208-A,25
PEDAGOGIA,GCH1133_1,Horario_2_2,208-A,25
PEDAGOGIA,GCH1133_1,Horario_2_3,208-A,25
PEDAGOGIA,GCH1133_1,Horario_2_4,208-A,25
PEDAGOGIA,GCH1134_1,Horario_6_1,210-B,25
PEDAGOGIA,GCH1134_1,Horario_6_2,210-B,25
PEDAGOGIA,GCH1134_1,Horario_6_3,210-B,25
PEDAGOGIA,GCH1134_1,Horario_6_4,210-B,25
PEDAGOGIA,GCH1279_1,Horario_4_13,220-C,25
PEDAGOGIA,GCH1279_1,Horario_4_14,220-C,25
PEDAGOGIA,GCH1279_1,Horario_4_15,220-C,25
PEDAGOGIA,GCH1279_1,Horario_4_16,220-C,25
PEDAGOGIA,GCH1280_1,Horario_5_13,206-A,25
PEDAGOGIA,GCH1280_1,Horario_5_14,206-A,25
PEDAGOGIA,GCH1280_1,Horario_5_15,206-A,25
PEDAGOGIA,GCH1280_1,Horario_5_16,206-A,25
PEDAGOGIA,GCH1284_1,Horario_6_13,203-A,25
PEDAGOGIA,GCH1284_1,Horario_6_14,203-A,25
PEDAGOGIA,GCH1284_1,Horario_6_15,203-A,25
PEDAGOGIA,GCH1284_1,Horario_6_16,203-A,25
PEDAGOGIA,GCH1286_1,Horario_5_13,208-B,25
PEDAGOGIA,GCH1286_1,Horario_5_14,208-B,25
PEDAGOGIA,GCH1286_1,Horario_5_15,208-B,25
PEDAGOGIA,GCH1286_1,Horario_5_16,208-B,25
PEDAGOGIA,GCH1301_1,Horario_4_13,203-B,25
PEDAGOGIA,GCH1301_1,Horario_4_14,203-B,25
PEDAGOGIA,GCH1301_1,Horario_4_15,203-B,25
PEDAGOGIA,GCH1301_1,Horario_4_16,203-B,25
PEDAGOGIA,GCH1302_1,Horario_4_1,LAB-HIDRO-C,5
PEDAGOGIA,GCH1302_1,Horario_4_2,LAB-HIDRO-C,5
PEDAGOGIA,GCH1302_1,Horario_4_3,LAB-HIDRO-C,5
PEDAGOGIA,GCH1302_1,Horario_4_4,LAB-HIDRO-C,5
PEDAGOGIA,GCH1303_1,Horario_4_1,201-A,25
PEDAGOGIA,GCH1303_1,Horario_4_2,201-A,25
PEDAGOGIA,GCH1303_1,Horario_4_3,201-A,25
PEDAGOGIA,GCH1303_1,Horario_4_4,201-A,25
PEDAGOGIA,GCH160_1,Horario_5_13,204-A,25
PEDAGOGIA,GCH160_1,Horario_5_14,204-A,25
PEDAGOGIA,GCH160_1,Horario_5_15,204-A,25
PEDAGOGIA,GCH160_1,Horario_5_16,204-A,25
PEDAGOGIA,GCH290_6,Horario_6_13,201-A,25
PEDAGOGIA,GCH290_6,Horario_6_14,201-A,25
PEDAGOGIA,GCH290_6,Horario_6_15,201-A,25
PEDAGOGIA,GCH290_6,Horario_6_16,201-A,25
PEDAGOGIA,GCH292_4,Horario_4_13,303-A,25
PEDAGOGIA,GCH292_4,Horario_4_14,303-A,25
PEDAGOGIA,GCH292_4,Horario_4_15,303-A,25
PEDAGOGIA,GCH292_4,Horario_4_16,303-A,25
PEDAGOGIA,GCH833_2,Horario_4_13,201-A,25
PEDAGOGIA,GCH833_2,Horario_4_14,201-A,25
PEDAGOGIA,GCH833_2,Horario_4_15,201-A,25
PEDAGOGIA,GCH833_2,Horario_4_16,201-A,25
PEDAGOGIA,GCH838_2,Horario_3_1,201-A,25
PEDAGOGIA,GCH838_2,Horario_3_2,201-A,25
PEDAGOGIA,GCH838_2,Horario_3_3,201-A,25
PEDAGOGIA,GCH838_2,Horario_3_4,201-A,25
PEDAGOGIA,GCH839_1,Horario_5_1,206-A,25
PEDAGOGIA,GCH839_1,Horario_5_2,206-A,25
PEDAGOGIA,GCH839_1,Horario_5_3,206-A,25
PEDAGOGIA,GCH839_1,Horario_5_4,206-A,25
PEDAGOGIA,GCH839_1,Horario_7_1,206-A,25
PEDAGOGIA,GCH839_1,Horario_7_2,206-A,25
PEDAGOGIA,GCH839_1,Horario_7_3,206-A,25
PEDAGOGIA,GCH839_1,Horario_7_4,206-A,25
PEDAGOGIA,GCH840_2,Horario_5_13,207-A,25
PEDAGOGIA,GCH840_2,Horario_5_14,207-A,25
PEDAGOGIA,GCH840_2,Horario_5_15,207-A,25
PEDAGOGIA,GCH840_2,Horario_5_16,207-A,25
PEDAGOGIA,GCS238_3,Horario_5_1,207-B,25
PEDAGOGIA,GCS238_3,Horario_5_2,207-B,25
PEDAGOGIA,GCS238_3,Horario_5_3,207-B,25
PEDAGOGIA,GCS238_3,Horario_5_4,207-B,25
PEDAGOGIA,GCS238_3,Horario_5_5,207-B,25
PEDAGOGIA,GCS239_4,Horario_6_1,303-B,25
PEDAGOGIA,GCS239_4,Horario_6_2,303-B,25
PEDAGOGIA,GCS239_4,Horario_6_3,303-B,25
PEDAGOGIA,GCS239_4,Horario_6_4,303-B,25
PEDAGOGIA,GEX210_4,Horario_6_1,201-A,25
PEDAGOGIA,GEX210_4,Horario_6_2,201-A,25
PEDAGOGIA,GEX210_4,Horario_6_3,201-A,25
PEDAGOGIA,GEX210_4,Horario_6_4,201-A,25
PEDAGOGIA,GEX776_1,Horario_3_13,313-C,25
PEDAGOGIA,GEX776_1,Horario_3_14,313-C,25
PEDAGOGIA,GEX776_1,Horario_3_15,313-C,25
PEDAGOGIA,GEX776_1,Horario_3_16,313-C,25
PEDAGOGIA,GEX777_1,Horario_2_1,208-B,25
PEDAGOGIA,GEX777_1,Horario_2_2,208-B,25
PEDAGOGIA,GEX777_1,Horario_2_3,208-B,25
PEDAGOGIA,GEX777_1,Horario_2_4,208-B,25
PEDAGOGIA,GEX777_1,Horario_2_5,208-B,25
PEDAGOGIA,GLA104_4,Horario_3_13,201-A,25
PEDAGOGIA,GLA104_4,Horario_3_14,201-A,25
PEDAGOGIA,GLA104_4,Horario_3_15,201-A,25
PEDAGOGIA,GLA104_4,Horario_3_16,201-A,25
PEDAGOGIA,GLA213_1,Horario_2_13,MINIAUDITÓRIO-C,5
PEDAGOGIA,GLA213_1,Horario_2_14,MINIAUDITÓRIO-C,5
PEDAGOGIA,GLA213_1,Horario_2_15,MINIAUDITÓRIO-C,5
PEDAGOGIA,GLA213_1,Horario_2_16,MINIAUDITÓRIO-C,5
PEDAGOGIA,GLA237_1,Horario_2_13,220-C,25
PEDAGOGIA,GLA237_1,Horario_2_14,220-C,25
PEDAGOGIA,GLA237_1,Horario_2_15,220-C,25
PEDAGOGIA,GLA237_1,Horario_2_16,220-C,25
PEDAGOGIA,GLA238_1,Horario_4_1,301-C,25
PEDAGOGIA,GLA238_1,Horario_4_2,301-C,25
PEDAGOGIA,GLA238_1,Horario_4_3,301-C,25
PEDAGOGIA,GLA238_1,Horario_4_4,301-C,25
PEDAGOGIA,GLA239_1,Horario_2_1,LAB-EST-C,5
PEDAGOGIA,GLA239_1,Horario_2_2,LAB-EST-C,5
PEDAGOGIA,GLA239_1,Horario_2_3,LAB-EST-C,5
PEDAGOGIA,GLA239_1,Horario_2_4,LAB-EST-C,5
PEDAGOGIA,GLA240_1,Horario_5_13,LAB-HIDRO-C,5
PEDAGOGIA,GLA240_1,Horario_5_14,LAB-HIDRO-C,5
PEDAGOGIA,GLA240_1,Horario_5_15,LAB-HIDRO-C,5
PEDAGOGIA,GLA240_1,Horario_5_16,LAB-HIDRO-C,5
